
-- 菜单表
-- select id,menu_name,pid,url,icon,sort,menu_type,code,resource_name,status from sys_menu order by pid ;
  delete from sys_menu;
INSERT INTO sys_menu (id,pid,menu_name,url,icon,sort,menu_type,code,resource_name,status) VALUES ('01','0','系统管理','','fa fa-cogs','4','1','01','system','1');
INSERT INTO sys_menu (id,pid,menu_name,url,icon,sort,menu_type,code,resource_name,status) VALUES ('0101','01','用户管理','/system/user','fa-user-circle-o','2','2','0101','system:user','1');
INSERT INTO sys_menu (id,pid,menu_name,url,icon,sort,menu_type,code,resource_name,status) VALUES ('010101','0101','编辑用户','','','2','3','010101','system:user:edit','1');
INSERT INTO sys_menu (id,pid,menu_name,url,icon,sort,menu_type,code,resource_name,status) VALUES ('010102','0101','删除用户','','','3','3','010102','system:user:delete','1');
INSERT INTO sys_menu (id,pid,menu_name,url,icon,sort,menu_type,code,resource_name,status) VALUES ('010103','0101','新增用户','','','1','3','010103','system:user:add','1');
INSERT INTO sys_menu (id,pid,menu_name,url,icon,sort,menu_type,code,resource_name,status) VALUES ('010104','0101','查看用户列表','','','0','3','010104','system:user:list','1');
INSERT INTO sys_menu (id,pid,menu_name,url,icon,sort,menu_type,code,resource_name,status) VALUES ('0102','01','角色管理','/system/role','fa-users','3','2','0102','system:role','1');
INSERT INTO sys_menu (id,pid,menu_name,url,icon,sort,menu_type,code,resource_name,status) VALUES ('010201','0102','查看角色列表','','','0','3','010201','system:role:list','1');
INSERT INTO sys_menu (id,pid,menu_name,url,icon,sort,menu_type,code,resource_name,status) VALUES ('010202','0102','新增角色','','','1','3','010202','system:role:add','1');
INSERT INTO sys_menu (id,pid,menu_name,url,icon,sort,menu_type,code,resource_name,status) VALUES ('010203','0102','编辑角色','','','2','3','010203','system:role:edit','1');
INSERT INTO sys_menu (id,pid,menu_name,url,icon,sort,menu_type,code,resource_name,status) VALUES ('010204','0102','角色授权','','','4','3','010204','system:role:auth','1');
INSERT INTO sys_menu (id,pid,menu_name,url,icon,sort,menu_type,code,resource_name,status) VALUES ('010205','0102','删除角色','','','3','3','010205','system:role:delete','1');
INSERT INTO sys_menu (id,pid,menu_name,url,icon,sort,menu_type,code,resource_name,status) VALUES ('010206','0102','批量删除角色','','','5','3','010206','system:role:deleteBatch','1');
INSERT INTO sys_menu (id,pid,menu_name,url,icon,sort,menu_type,code,resource_name,status) VALUES ('0103','01','组织机构管理','/system/dept','fa-graduation-cap','1','2','0103','system:dept','1');
INSERT INTO sys_menu (id,pid,menu_name,url,icon,sort,menu_type,code,resource_name,status) VALUES ('010301','0103','编辑组织机构','','','2','3','010301','system:dept:edit','1');
INSERT INTO sys_menu (id,pid,menu_name,url,icon,sort,menu_type,code,resource_name,status) VALUES ('010302','0103','编辑用户注册','','','2','3','010302','apply:registUser:allot','1');
INSERT INTO sys_menu (id,pid,menu_name,url,icon,sort,menu_type,code,resource_name,status) VALUES ('010303','0103','新增组织机构','','','1','3','010303','system:dept:add','1');
INSERT INTO sys_menu (id,pid,menu_name,url,icon,sort,menu_type,code,resource_name,status) VALUES ('010304','0103','查看组织机构列表','','','0','3','010304','system:dept:list','1');
INSERT INTO sys_menu (id,pid,menu_name,url,icon,sort,menu_type,code,resource_name,status) VALUES ('010305','0103','删除组织机构','','','3','3','010305','system:dept:delete','1');
INSERT INTO sys_menu (id,pid,menu_name,url,icon,sort,menu_type,code,resource_name,status) VALUES ('0104','01','字典管理','/sysDict','fa fa-cogs','9','2','0104','system:dict','1');
INSERT INTO sys_menu (id,pid,menu_name,url,icon,sort,menu_type,code,resource_name,status) VALUES ('010401','0104','字典列表','','','2','3','010401','','1');
INSERT INTO sys_menu (id,pid,menu_name,url,icon,sort,menu_type,code,resource_name,status) VALUES ('010402','0104','字典修改','','','2','3','010402','','1');
INSERT INTO sys_menu (id,pid,menu_name,url,icon,sort,menu_type,code,resource_name,status) VALUES ('0105','01','菜单管理','/system/menu','fa-list','4','2','0105','system:menu','1');
INSERT INTO sys_menu (id,pid,menu_name,url,icon,sort,menu_type,code,resource_name,status) VALUES ('010501','0105','删除菜单','','','4','3','010501','system:menu:delete','1');
INSERT INTO sys_menu (id,pid,menu_name,url,icon,sort,menu_type,code,resource_name,status) VALUES ('010502','0105','创建菜单','','','1','3','010502','system:menu:add','1');
INSERT INTO sys_menu (id,pid,menu_name,url,icon,sort,menu_type,code,resource_name,status) VALUES ('010503','0105','查看菜单列表','','','0','3','010503','system:menu:list','1');
INSERT INTO sys_menu (id,pid,menu_name,url,icon,sort,menu_type,code,resource_name,status) VALUES ('010504','0105','编辑菜单','','','3','3','010504','system:menu:edit','1');
INSERT INTO sys_menu (id,pid,menu_name,url,icon,sort,menu_type,code,resource_name,status) VALUES ('0106','01','系统配置','/system/setting',' fa-cog','10','2','0106','system:setting','1');
INSERT INTO sys_menu (id,pid,menu_name,url,icon,sort,menu_type,code,resource_name,status) VALUES ('010601','0106','查询系统设置','','','0','3','010601','system:setting:list','1');
INSERT INTO sys_menu (id,pid,menu_name,url,icon,sort,menu_type,code,resource_name,status) VALUES ('010602','0106','操作系统设置','','','1','3','010602','system:setting:edit','1');
INSERT INTO sys_menu (id,pid,menu_name,url,icon,sort,menu_type,code,resource_name,status) VALUES ('0107','01','业务日志','/system/log','fa-info-circle','11','2','0107','system:log','1');
INSERT INTO sys_menu (id,pid,menu_name,url,icon,sort,menu_type,code,resource_name,status) VALUES ('010701','0107','查看日志列表','','','0','3','010701','system:log:list','1');
INSERT INTO sys_menu (id,pid,menu_name,url,icon,sort,menu_type,code,resource_name,status) VALUES ('0108','01','系统监控','/system/monitor','fa-eye','12','2','0108','system:monitor','1');
INSERT INTO sys_menu (id,pid,menu_name,url,icon,sort,menu_type,code,resource_name,status) VALUES ('010801','0108','监控列表','','','1','3','010801','system:monitor:list','1');
INSERT INTO sys_menu (id,pid,menu_name,url,icon,sort,menu_type,code,resource_name,status) VALUES ('0109','01','组织机构数据权限管理','/system/deptAuthority','fa fa-cogs','5','2','0109','system:deptAuthority:list','1');
INSERT INTO sys_menu (id,pid,menu_name,url,icon,sort,menu_type,code,resource_name,status) VALUES ('010901','0109','编辑组织机构数据权限','','','2','3','010901','system:deptAuthority:edit','1');
INSERT INTO sys_menu (id,pid,menu_name,url,icon,sort,menu_type,code,resource_name,status) VALUES ('010902','0109','1','','fa-folder','1','1','010902','','0');
INSERT INTO sys_menu (id,pid,menu_name,url,icon,sort,menu_type,code,resource_name,status) VALUES ('010903','0109','1','','fa-folder','1','1','010903','','0');
INSERT INTO sys_menu (id,pid,menu_name,url,icon,sort,menu_type,code,resource_name,status) VALUES ('010904','0109','1','','fa-folder','1','1','010904','','0');
INSERT INTO sys_menu (id,pid,menu_name,url,icon,sort,menu_type,code,resource_name,status) VALUES ('010905','0109','1','','fa-folder','1','1','010905','','0');
INSERT INTO sys_menu (id,pid,menu_name,url,icon,sort,menu_type,code,resource_name,status) VALUES ('010906','0109','1','','fa-folder','1','1','010906','','0');
INSERT INTO sys_menu (id,pid,menu_name,url,icon,sort,menu_type,code,resource_name,status) VALUES ('010907','0109','1','','fa-folder','1','1','010907','','0');
INSERT INTO sys_menu (id,pid,menu_name,url,icon,sort,menu_type,code,resource_name,status) VALUES ('010908','0109','1','','fa-folder','1','1','010908','','0');
INSERT INTO sys_menu (id,pid,menu_name,url,icon,sort,menu_type,code,resource_name,status) VALUES ('0110','01','用户数据权限管理','/system/userAuthority','fa fa-cogs','6','2','0110','system:userAuthority:list','1');
INSERT INTO sys_menu (id,pid,menu_name,url,icon,sort,menu_type,code,resource_name,status) VALUES ('011001','0110','编辑用户数据权限','','','2','3','011001','system:userAuthority:edit','1');
INSERT INTO sys_menu (id,pid,menu_name,url,icon,sort,menu_type,code,resource_name,status) VALUES ('0111','01','部门权限申请管理','/system/deptAuthorityApply','fa fa-cogs','7','2','0111','apply:dirDataitemApply:list','1');
INSERT INTO sys_menu (id,pid,menu_name,url,icon,sort,menu_type,code,resource_name,status) VALUES ('011101','0111','部门权限申请列表','','','2','3','011101','system:deptAuthorityApply:list','1');
INSERT INTO sys_menu (id,pid,menu_name,url,icon,sort,menu_type,code,resource_name,status) VALUES ('011102','0111','申请部门权限','','','2','3','011102','system:deptAuthorityApply:add','1');
INSERT INTO sys_menu (id,pid,menu_name,url,icon,sort,menu_type,code,resource_name,status) VALUES ('0112','01','部门权限审核管理','/system/deptAuthorityAudit','fa fa-cogs','8','2','0112','system:deptAuthorityAudit:list','1');
INSERT INTO sys_menu (id,pid,menu_name,url,icon,sort,menu_type,code,resource_name,status) VALUES ('011201','0112','部门权限审核列表','','','2','3','011201','system:deptAuthorityAudit:list','1');
INSERT INTO sys_menu (id,pid,menu_name,url,icon,sort,menu_type,code,resource_name,status) VALUES ('011202','0112','审核部门权限','','','2','3','011202','system:deptAuthorityAudit:edit','1');
INSERT INTO sys_menu (id,pid,menu_name,url,icon,sort,menu_type,code,resource_name,status) VALUES ('03','0','目录类别','/dirClassify','fa-cog','1','2','03','catalog:classify','1');
INSERT INTO sys_menu (id,pid,menu_name,url,icon,sort,menu_type,code,resource_name,status) VALUES ('0301','03','查看目录类别列表','','','1','3','0301','catalog:classify:list','1');
INSERT INTO sys_menu (id,pid,menu_name,url,icon,sort,menu_type,code,resource_name,status) VALUES ('0302','03','新增目录类别','','','2','3','0302','catalog:classify:add','1');
INSERT INTO sys_menu (id,pid,menu_name,url,icon,sort,menu_type,code,resource_name,status) VALUES ('0303','03','修改目录类别','','','3','3','0303','catalog:classify:edit','1');
INSERT INTO sys_menu (id,pid,menu_name,url,icon,sort,menu_type,code,resource_name,status) VALUES ('0304','03','删除目录类别','','','4','3','0304','catalog:classify:delete','1');
INSERT INTO sys_menu (id,pid,menu_name,url,icon,sort,menu_type,code,resource_name,status) VALUES ('04','0','目录编目','/catalog/catalogue','fa-cog','2','2','04','catalog:catalogue','1');
INSERT INTO sys_menu (id,pid,menu_name,url,icon,sort,menu_type,code,resource_name,status) VALUES ('0401','04','查看目录列表','','','1','3','0401','catalog:catalogue:list','1');
INSERT INTO sys_menu (id,pid,menu_name,url,icon,sort,menu_type,code,resource_name,status) VALUES ('0402','04','自定义新增目录','','','2','3','0402','catalog:catalogue:add','1');
INSERT INTO sys_menu (id,pid,menu_name,url,icon,sort,menu_type,code,resource_name,status) VALUES ('0403','04','快速新增目录','','','3','3','0403','catalog:catalogue:fastAdd','1');
INSERT INTO sys_menu (id,pid,menu_name,url,icon,sort,menu_type,code,resource_name,status) VALUES ('0404','04','修改目录','','','4','3','0404','catalog:catalogue:edit','1');
INSERT INTO sys_menu (id,pid,menu_name,url,icon,sort,menu_type,code,resource_name,status) VALUES ('0405','04','删除目录','','','5','3','0405','catalog:catalogue:delete','1');
INSERT INTO sys_menu (id,pid,menu_name,url,icon,sort,menu_type,code,resource_name,status) VALUES ('05','0','目录管理','','fa fa-cogs','3','1','05','catalog','1');
INSERT INTO sys_menu (id,pid,menu_name,url,icon,sort,menu_type,code,resource_name,status) VALUES ('0501','05','目录注册','/catalog/registe','fa-cog','3','2','0501','catalog:registe','1');
INSERT INTO sys_menu (id,pid,menu_name,url,icon,sort,menu_type,code,resource_name,status) VALUES ('050101','0501','查看目录列表','','','1','3','050101','catalog:registe:list','1');
INSERT INTO sys_menu (id,pid,menu_name,url,icon,sort,menu_type,code,resource_name,status) VALUES ('050102','0501','注册','','','2','3','050102','catalog:registe:save','1');
INSERT INTO sys_menu (id,pid,menu_name,url,icon,sort,menu_type,code,resource_name,status) VALUES ('0502','05','目录审核','/catalog/audit','fa-cog','4','2','0502','catalog:audit','1');
INSERT INTO sys_menu (id,pid,menu_name,url,icon,sort,menu_type,code,resource_name,status) VALUES ('050201','0502','查看目录列表','','','1','3','050201','catalog:audit:list','1');
INSERT INTO sys_menu (id,pid,menu_name,url,icon,sort,menu_type,code,resource_name,status) VALUES ('050202','0502','审核','','','2','3','050202','catalog:audit:save','1');
INSERT INTO sys_menu (id,pid,menu_name,url,icon,sort,menu_type,code,resource_name,status) VALUES ('0503','05','目录发布','/catalog/release','fa-cog','5','2','0503','catalog:release','1');
INSERT INTO sys_menu (id,pid,menu_name,url,icon,sort,menu_type,code,resource_name,status) VALUES ('050301','0503','查看待发布目录列表','','','1','3','050301','catalog:release:unReleaseList','1');
INSERT INTO sys_menu (id,pid,menu_name,url,icon,sort,menu_type,code,resource_name,status) VALUES ('050302','0503','审核驳回','','','2','3','050302','catalog:release:audit','1');
INSERT INTO sys_menu (id,pid,menu_name,url,icon,sort,menu_type,code,resource_name,status) VALUES ('050303','0503','发布','','','3','3','050303','catalog:release:save','1');
INSERT INTO sys_menu (id,pid,menu_name,url,icon,sort,menu_type,code,resource_name,status) VALUES ('050304','0503','查看已发布目录列表','','','4','3','050304','catalog:release:releasedList','1');
INSERT INTO sys_menu (id,pid,menu_name,url,icon,sort,menu_type,code,resource_name,status) VALUES ('050305','0503','下架','','','5','3','050305','catalog:release:off','1');
INSERT INTO sys_menu (id,pid,menu_name,url,icon,sort,menu_type,code,resource_name,status) VALUES ('0504','05','目录查询','/catalog/query','fa-cog','6','2','0504','catalog:query','1');
INSERT INTO sys_menu (id,pid,menu_name,url,icon,sort,menu_type,code,resource_name,status) VALUES ('050401','0504','查看目录列表','','','1','3','050401','catalog:query:list','1');
INSERT INTO sys_menu (id,pid,menu_name,url,icon,sort,menu_type,code,resource_name,status) VALUES ('06','0','门户数据管理','','fa fa-cogs','6','1','06','system','1');
INSERT INTO sys_menu (id,pid,menu_name,url,icon,sort,menu_type,code,resource_name,status) VALUES ('0601','06','用户注册管理','/dirRegistUser','fa fa-cogs','4','2','0601','apply:registUser:list','1');
INSERT INTO sys_menu (id,pid,menu_name,url,icon,sort,menu_type,code,resource_name,status) VALUES ('060101','0601','用户注册列表','','','2','3','060101','apply:registUser:list','1');
INSERT INTO sys_menu (id,pid,menu_name,url,icon,sort,menu_type,code,resource_name,status) VALUES ('060102','0601','编辑用户注册','','','2','3','060102','apply:registUser:edit','1');
INSERT INTO sys_menu (id,pid,menu_name,url,icon,sort,menu_type,code,resource_name,status) VALUES ('060103','0601','删除用户注册','','','2','3','060103','apply:registUser:delete','1');
INSERT INTO sys_menu (id,pid,menu_name,url,icon,sort,menu_type,code,resource_name,status) VALUES ('0602','06','共享数据审核管理','/dirDataApply','fa fa-cogs','5','2','0602','apply:dirDataApply:list','1');
INSERT INTO sys_menu (id,pid,menu_name,url,icon,sort,menu_type,code,resource_name,status) VALUES ('060201','0602','共享数据审核列表','','','2','3','060201','apply:dirDataApply:list','1');
INSERT INTO sys_menu (id,pid,menu_name,url,icon,sort,menu_type,code,resource_name,status) VALUES ('060202','0602','审核共享数据','','','2','3','060202','apply:dirDataApply:edit','1');
INSERT INTO sys_menu (id,pid,menu_name,url,icon,sort,menu_type,code,resource_name,status) VALUES ('0603','06','收藏管理','/feedback/dirdatacollection','fa-cog','0','2','0603','system','1');
INSERT INTO sys_menu (id,pid,menu_name,url,icon,sort,menu_type,code,resource_name,status) VALUES ('0604','06','纠错管理','/feedback/dirdatacorrection','fa-cog','1','2','0604','system','1');
INSERT INTO sys_menu (id,pid,menu_name,url,icon,sort,menu_type,code,resource_name,status) VALUES ('0605','06','评分管理','/feedback/dirdatarate','fa-cog','2','2','0605','system','1');
INSERT INTO sys_menu (id,pid,menu_name,url,icon,sort,menu_type,code,resource_name,status) VALUES ('0606','06','用户咨询','/feedback/dirsuggestion','fa-cog','3','2','0606','system','1');
INSERT INTO sys_menu (id,pid,menu_name,url,icon,sort,menu_type,code,resource_name,status) VALUES ('07','0','门户配置管理','','fa-list','7','1','07','system','1');
INSERT INTO sys_menu (id,pid,menu_name,url,icon,sort,menu_type,code,resource_name,status) VALUES ('0701','07','新闻图片管理','/dirNews','fa-cog','4','2','0701','','1');
INSERT INTO sys_menu (id,pid,menu_name,url,icon,sort,menu_type,code,resource_name,status) VALUES ('0702','07','政策发布','/dirPolicy','fa-cog','1','2','0702','','1');
INSERT INTO sys_menu (id,pid,menu_name,url,icon,sort,menu_type,code,resource_name,status) VALUES ('0703','07','开发者工具管理','/dirDevelopApis','fa-cog','2','2','0703','','1');
INSERT INTO sys_menu (id,pid,menu_name,url,icon,sort,menu_type,code,resource_name,status) VALUES ('0704','07','专题应用管理','/dirSpecialApps','fa-cog','3','2','0704','','1');


-- 角色表
delete from sys_role;
  INSERT INTO sys_role(id,role_name,role_desc,role_level,status) VALUES ('737933bffef640329a4f864c4e2746ba','超级管理员','超级管理员',-1,1);
  INSERT INTO sys_role(id,role_name,role_desc,role_level,status) VALUES ('dab7f9219c4611e78cf200ffe04ac734','区域管理员','区域管理员',0,1);

-- 用户表
delete from sys_user;
  insert into sys_user (id,region_code,dept_id,user_type,user_name,real_name,password,status)
    values ('09f4fef9249c457ca67b4a7a45823730','510100','','1','admin','超级管理员','96e79218965eb72c92a549dd5a330112','1');

-- 角色菜单表
delete from sys_role_menu;
  INSERT INTO sys_role_menu SELECT UUID() AS id,(SELECT id FROM sys_role WHERE role_name='超级管理员') AS role_id,id AS menu_id FROM sys_menu;
  INSERT INTO sys_role_menu SELECT UUID() AS id,(SELECT id FROM sys_role WHERE role_name='区域管理员') AS role_id,id AS menu_id FROM sys_menu;

-- 用户角色表
delete from sys_user_role;
  insert into sys_user_role(id,user_id,role_id)
    values (REPLACE(uuid(),'-',''),'09f4fef9249c457ca67b4a7a45823730','737933bffef640329a4f864c4e2746ba');

-- 图标库初始化值
  delete from sys_icon_lib;
  insert into sys_icon_lib (id,icon_type,icon_name,icon_path,icon_css_class ) values (REPLACE(uuid(),'-',''),'menu_icon','fa-folder','','fa-folder');
  insert into sys_icon_lib (id,icon_type,icon_name,icon_path,icon_css_class ) values (REPLACE(uuid(),'-',''),'menu_icon','fa-cogs','','fa-cogs');
  insert into sys_icon_lib (id,icon_type,icon_name,icon_path,icon_css_class ) values (REPLACE(uuid(),'-',''),'menu_icon','fa-cog','','fa-cog');
  insert into sys_icon_lib (id,icon_type,icon_name,icon_path,icon_css_class ) values (REPLACE(uuid(),'-',''),'menu_icon','fa-user-circle-o','','fa-user-circle-o');
  insert into sys_icon_lib (id,icon_type,icon_name,icon_path,icon_css_class ) values (REPLACE(uuid(),'-',''),'menu_icon','fa-graduation-cap','','fa-graduation-cap');
  insert into sys_icon_lib (id,icon_type,icon_name,icon_path,icon_css_class ) values (REPLACE(uuid(),'-',''),'menu_icon','fa-users','','fa-users');
  insert into sys_icon_lib (id,icon_type,icon_name,icon_path,icon_css_class ) values (REPLACE(uuid(),'-',''),'menu_icon','fa-list','','fa-list');
  insert into sys_icon_lib (id,icon_type,icon_name,icon_path,icon_css_class ) values (REPLACE(uuid(),'-',''),'menu_icon','fa-info-circle','','fa-info-circle');
  insert into sys_icon_lib (id,icon_type,icon_name,icon_path,icon_css_class ) values (REPLACE(uuid(),'-',''),'menu_icon','fa-eye','','fa-eye');
  insert into sys_icon_lib (id,icon_type,icon_name,icon_path,icon_css_class ) values (REPLACE(uuid(),'-',''),'classify_icon','base1','/images/index/base1.png','');
  insert into sys_icon_lib (id,icon_type,icon_name,icon_path,icon_css_class ) values (REPLACE(uuid(),'-',''),'classify_icon','base2','/images/index/base2.png','');
  insert into sys_icon_lib (id,icon_type,icon_name,icon_path,icon_css_class ) values (REPLACE(uuid(),'-',''),'classify_icon','base3','/images/index/base3.png','');
  insert into sys_icon_lib (id,icon_type,icon_name,icon_path,icon_css_class ) values (REPLACE(uuid(),'-',''),'classify_icon','base4','/images/index/base4.png','');
  insert into sys_icon_lib (id,icon_type,icon_name,icon_path,icon_css_class ) values (REPLACE(uuid(),'-',''),'classify_icon','base5','/images/index/base5.png','');
  insert into sys_icon_lib (id,icon_type,icon_name,icon_path,icon_css_class ) values (REPLACE(uuid(),'-',''),'classify_icon','base6','/images/index/base6.png','');
  insert into sys_icon_lib (id,icon_type,icon_name,icon_path,icon_css_class ) values (REPLACE(uuid(),'-',''),'classify_icon','bg2x','/images/index/bg2x.png','');
  insert into sys_icon_lib (id,icon_type,icon_name,icon_path,icon_css_class ) values (REPLACE(uuid(),'-',''),'classify_icon','Catalog2x','/images/index/Catalog2x.png','');
  insert into sys_icon_lib (id,icon_type,icon_name,icon_path,icon_css_class ) values (REPLACE(uuid(),'-',''),'classify_icon','data1','/images/index/data1.png','');
  insert into sys_icon_lib (id,icon_type,icon_name,icon_path,icon_css_class ) values (REPLACE(uuid(),'-',''),'classify_icon','data2','/images/index/data2.png','');
  insert into sys_icon_lib (id,icon_type,icon_name,icon_path,icon_css_class ) values (REPLACE(uuid(),'-',''),'classify_icon','data3','/images/index/data3.png','');
  insert into sys_icon_lib (id,icon_type,icon_name,icon_path,icon_css_class ) values (REPLACE(uuid(),'-',''),'classify_icon','data4','/images/index/data4.png','');
  insert into sys_icon_lib (id,icon_type,icon_name,icon_path,icon_css_class ) values (REPLACE(uuid(),'-',''),'classify_icon','dep1','/images/index/dep1.png','');
  insert into sys_icon_lib (id,icon_type,icon_name,icon_path,icon_css_class ) values (REPLACE(uuid(),'-',''),'classify_icon','dep2','/images/index/dep2.png','');
  insert into sys_icon_lib (id,icon_type,icon_name,icon_path,icon_css_class ) values (REPLACE(uuid(),'-',''),'classify_icon','dep3','/images/index/dep3.png','');
  insert into sys_icon_lib (id,icon_type,icon_name,icon_path,icon_css_class ) values (REPLACE(uuid(),'-',''),'classify_icon','dep4','/images/index/dep4.png','');
  insert into sys_icon_lib (id,icon_type,icon_name,icon_path,icon_css_class ) values (REPLACE(uuid(),'-',''),'classify_icon','dep5','/images/index/dep5.png','');
  insert into sys_icon_lib (id,icon_type,icon_name,icon_path,icon_css_class ) values (REPLACE(uuid(),'-',''),'classify_icon','hot2x','/images/index/hot2x.png','');
  insert into sys_icon_lib (id,icon_type,icon_name,icon_path,icon_css_class ) values (REPLACE(uuid(),'-',''),'classify_icon','ico1','/images/index/ico1.png','');
  insert into sys_icon_lib (id,icon_type,icon_name,icon_path,icon_css_class ) values (REPLACE(uuid(),'-',''),'classify_icon','ico2','/images/index/ico2.png','');
  insert into sys_icon_lib (id,icon_type,icon_name,icon_path,icon_css_class ) values (REPLACE(uuid(),'-',''),'classify_icon','main1-bg','/images/index/main1-bg.png','');
  insert into sys_icon_lib (id,icon_type,icon_name,icon_path,icon_css_class ) values (REPLACE(uuid(),'-',''),'classify_icon','main3_1','/images/index/main3_1.png','');
  insert into sys_icon_lib (id,icon_type,icon_name,icon_path,icon_css_class ) values (REPLACE(uuid(),'-',''),'classify_icon','main3_2','/images/index/main3_2.png','');
  insert into sys_icon_lib (id,icon_type,icon_name,icon_path,icon_css_class ) values (REPLACE(uuid(),'-',''),'classify_icon','main3_3','/images/index/main3_3.png','');
  insert into sys_icon_lib (id,icon_type,icon_name,icon_path,icon_css_class ) values (REPLACE(uuid(),'-',''),'classify_icon','main3_4','/images/index/main3_4.png','');
  insert into sys_icon_lib (id,icon_type,icon_name,icon_path,icon_css_class ) values (REPLACE(uuid(),'-',''),'classify_icon','main3_5','/images/index/main3_5.png','');
  insert into sys_icon_lib (id,icon_type,icon_name,icon_path,icon_css_class ) values (REPLACE(uuid(),'-',''),'classify_icon','map1','/images/index/map1.png','');
  insert into sys_icon_lib (id,icon_type,icon_name,icon_path,icon_css_class ) values (REPLACE(uuid(),'-',''),'classify_icon','map2','/images/index/map2.png','');
  insert into sys_icon_lib (id,icon_type,icon_name,icon_path,icon_css_class ) values (REPLACE(uuid(),'-',''),'classify_icon','map3','/images/index/map3.png','');
  insert into sys_icon_lib (id,icon_type,icon_name,icon_path,icon_css_class ) values (REPLACE(uuid(),'-',''),'classify_icon','map4','/images/index/map4.png','');
  insert into sys_icon_lib (id,icon_type,icon_name,icon_path,icon_css_class ) values (REPLACE(uuid(),'-',''),'classify_icon','map5','/images/index/map5.png','');
  insert into sys_icon_lib (id,icon_type,icon_name,icon_path,icon_css_class ) values (REPLACE(uuid(),'-',''),'classify_icon','new2x','/images/index/new2x.png','');
  insert into sys_icon_lib (id,icon_type,icon_name,icon_path,icon_css_class ) values (REPLACE(uuid(),'-',''),'classify_icon','policy2x','/images/index/policy2x.png','');
  insert into sys_icon_lib (id,icon_type,icon_name,icon_path,icon_css_class ) values (REPLACE(uuid(),'-',''),'classify_icon','Shape2x','/images/index/Shape2x.png','');
  insert into sys_icon_lib (id,icon_type,icon_name,icon_path,icon_css_class ) values (REPLACE(uuid(),'-',''),'classify_icon','share','/images/index/share.png','');
  insert into sys_icon_lib (id,icon_type,icon_name,icon_path,icon_css_class ) values (REPLACE(uuid(),'-',''),'classify_icon','tool1','/images/index/tool1.png','');
  insert into sys_icon_lib (id,icon_type,icon_name,icon_path,icon_css_class ) values (REPLACE(uuid(),'-',''),'classify_icon','tool2','/images/index/tool2.png','');
  insert into sys_icon_lib (id,icon_type,icon_name,icon_path,icon_css_class ) values (REPLACE(uuid(),'-',''),'classify_icon','tool3','/images/index/tool3.png','');
  insert into sys_icon_lib (id,icon_type,icon_name,icon_path,icon_css_class ) values (REPLACE(uuid(),'-',''),'classify_icon','tool4','/images/index/tool4.png','');
  insert into sys_icon_lib (id,icon_type,icon_name,icon_path,icon_css_class ) values (REPLACE(uuid(),'-',''),'classify_icon','tool5','/images/index/tool5.png','');
  insert into sys_icon_lib (id,icon_type,icon_name,icon_path,icon_css_class ) values (REPLACE(uuid(),'-',''),'classify_icon','topic1','/images/index/topic1.png','');
  insert into sys_icon_lib (id,icon_type,icon_name,icon_path,icon_css_class ) values (REPLACE(uuid(),'-',''),'classify_icon','topic10','/images/index/topic10.png','');
  insert into sys_icon_lib (id,icon_type,icon_name,icon_path,icon_css_class ) values (REPLACE(uuid(),'-',''),'classify_icon','topic11','/images/index/topic11.png','');
  insert into sys_icon_lib (id,icon_type,icon_name,icon_path,icon_css_class ) values (REPLACE(uuid(),'-',''),'classify_icon','topic12','/images/index/topic12.png','');
  insert into sys_icon_lib (id,icon_type,icon_name,icon_path,icon_css_class ) values (REPLACE(uuid(),'-',''),'classify_icon','topic13','/images/index/topic13.png','');
  insert into sys_icon_lib (id,icon_type,icon_name,icon_path,icon_css_class ) values (REPLACE(uuid(),'-',''),'classify_icon','topic14','/images/index/topic14.png','');
  insert into sys_icon_lib (id,icon_type,icon_name,icon_path,icon_css_class ) values (REPLACE(uuid(),'-',''),'classify_icon','topic2','/images/index/topic2.png','');
  insert into sys_icon_lib (id,icon_type,icon_name,icon_path,icon_css_class ) values (REPLACE(uuid(),'-',''),'classify_icon','topic3','/images/index/topic3.png','');
  insert into sys_icon_lib (id,icon_type,icon_name,icon_path,icon_css_class ) values (REPLACE(uuid(),'-',''),'classify_icon','topic4','/images/index/topic4.png','');
  insert into sys_icon_lib (id,icon_type,icon_name,icon_path,icon_css_class ) values (REPLACE(uuid(),'-',''),'classify_icon','topic5','/images/index/topic5.png','');
  insert into sys_icon_lib (id,icon_type,icon_name,icon_path,icon_css_class ) values (REPLACE(uuid(),'-',''),'classify_icon','topic6','/images/index/topic6.png','');
  insert into sys_icon_lib (id,icon_type,icon_name,icon_path,icon_css_class ) values (REPLACE(uuid(),'-',''),'classify_icon','topic7','/images/index/topic7.png','');
  insert into sys_icon_lib (id,icon_type,icon_name,icon_path,icon_css_class ) values (REPLACE(uuid(),'-',''),'classify_icon','topic8','/images/index/topic8.png','');
  insert into sys_icon_lib (id,icon_type,icon_name,icon_path,icon_css_class ) values (REPLACE(uuid(),'-',''),'classify_icon','topic9','/images/index/topic9.png','');
  insert into sys_icon_lib (id,icon_type,icon_name,icon_path,icon_css_class ) values (REPLACE(uuid(),'-',''),'classify_icon','total','/images/index/total.png','');

-- 系统配置类别表
  delete from sys_setting_category;
  insert into sys_setting_category (category_code,category_name) values ('1','系统基本配置');
  insert into sys_setting_category (category_code,category_name) values ('2','接口配置');

-- 系统配置表
  delete from sys_setting;
  INSERT INTO sys_setting VALUES (REPLACE(uuid(),'-',''),'','1','systemName','系统名称','目录管理系统',null,'1',null,null,null,null,0);
  INSERT INTO sys_setting VALUES (REPLACE(uuid(),'-',''),'','1','systemShortName','系统英文简称','DIR',null,'1',null,null,null,null,0);
  INSERT INTO sys_setting VALUES (REPLACE(uuid(),'-',''),'','1','systemSubName','系统子名称','目录管理',null,'1',null,null,null,null,0);
  INSERT INTO sys_setting VALUES (REPLACE(uuid(),'-',''),'','1','defaultIcon','系统默认Icon图标','',null,'1',null,null,null,null,0);
  INSERT INTO sys_setting VALUES (REPLACE(uuid(),'-',''),'','1','localRegion','系统所属行政区划','510100',null,'1',null,null,null,null,0);
  INSERT INTO sys_setting VALUES (REPLACE(uuid(),'-',''),'','1','bottomCopyright','许可说明','Copyright © 2017 勤智数码. All rights reserved.',null,'1',null,null,null,null,0);
  INSERT INTO sys_setting VALUES (REPLACE(uuid(),'-',''),'','2','crawlerInterface','爬虫接口地址','http://127.0.0.1:8080/crawler/wbsiteStore','','1','549d321508db446e9bcaa477835fe5f1','2017-06-27 10:46:53',null,null,'0');

-- 系统字典分类表
  delete from sys_dict_category;
  INSERT INTO sys_dict_category VALUES ('001','',null);
  INSERT INTO sys_dict_category VALUES ('appRequirementNameSource','需求名称来源',null);
  INSERT INTO sys_dict_category VALUES ('belongSystem','系统所属网络',null);
  INSERT INTO sys_dict_category VALUES ('businessRequirementNameSource','需求名称来源',null);
  INSERT INTO sys_dict_category VALUES ('categoryApp','专题应用类型',null);
  INSERT INTO sys_dict_category VALUES ('contactsType','联络人性质',null);
  INSERT INTO sys_dict_category VALUES ('dataSetIsOpen','业务数据集管理-是否可开放',null);
  INSERT INTO sys_dict_category VALUES ('dataSetShareMethod','业务数据集管理-共享方式',null);
  INSERT INTO sys_dict_category VALUES ('dataSetShareType','业务数据集共享类型',null);
  INSERT INTO sys_dict_category VALUES ('dataSetStoreMedia','业务数据集管理-存储介质',null);
  INSERT INTO sys_dict_category VALUES ('dataSetType','业务数据集类型',null);
  INSERT INTO sys_dict_category VALUES ('dataSetStatus','业务数据集流程状态',null);
  INSERT INTO sys_dict_category VALUES ('dataSetReleaseType','业务数据集发布类型',null);
  INSERT INTO sys_dict_category VALUES ('dataSetSourceType','业务数据集来源类型',null);
  INSERT INTO sys_dict_category VALUES ('dbCategory','数据库管理-数据库大分类',null);
  INSERT INTO sys_dict_category VALUES ('dbType','数据库管理-数据库类型',null);
  INSERT INTO sys_dict_category VALUES ('goldProjecty','十二金工程类型',null);
  INSERT INTO sys_dict_category VALUES ('interfaceAble','是否提供接口服务',null);
  INSERT INTO sys_dict_category VALUES ('isExplain','是否提供调用规范说明',null);
  INSERT INTO sys_dict_category VALUES ('isLoacl','是否是本地部门建设',null);
  INSERT INTO sys_dict_category VALUES ('isOutPut','是否有导出功能',null);
  INSERT INTO sys_dict_category VALUES ('isUseAble','是否提供服务调用',null);
  INSERT INTO sys_dict_category VALUES ('oldSystem','是否有旧系统',null);
  INSERT INTO sys_dict_category VALUES ('onLineBussnines','是否提供在线对外在线服务',null);
  INSERT INTO sys_dict_category VALUES ('ordinary','通用字典',null);
  INSERT INTO sys_dict_category VALUES ('requirementExpectGetType','业务需求-期望获取方式',null);
  INSERT INTO sys_dict_category VALUES ('requirementExpectUpdateFrequence','业务需求-数据使用频率',null);
  INSERT INTO sys_dict_category VALUES ('requirementNameSource','需求名称来源',null);
  INSERT INTO sys_dict_category VALUES ('resourceFormat','信息资源格式',null);
  INSERT INTO sys_dict_category VALUES ('resourceProvider','资源提供方',null);
  INSERT INTO sys_dict_category VALUES ('sensitive','业务数据集的数据项-敏感标识',null);
  INSERT INTO sys_dict_category VALUES ('serviceTarget','业务管理服务对象',null);
  INSERT INTO sys_dict_category VALUES ('setItemFrequency','业务数据集的数据项-更新周期',null);
  INSERT INTO sys_dict_category VALUES ('setItemIsOpen','业务数据集的数据项-是否可开放',null);
  INSERT INTO sys_dict_category VALUES ('setItemSetType','业务数据集的数据项-业务数据集类型',null);
  INSERT INTO sys_dict_category VALUES ('setItemShareMethod','业务数据集的数据项-共享方式',null);
  INSERT INTO sys_dict_category VALUES ('setItemStoreLocation','业务数据集的数据项-物理存储位置',null);
  INSERT INTO sys_dict_category VALUES ('setItemStoreMedia','业务数据集的数据项-存储介质',null);
  INSERT INTO sys_dict_category VALUES ('setItemAuditStatus','业务数据集的审核状态',null);
  INSERT INTO sys_dict_category VALUES ('systemArchitecture','系统架构',null);
  INSERT INTO sys_dict_category VALUES ('systemConstructionProperty','系统建设性质',null);
  INSERT INTO sys_dict_category VALUES ('systemDeploymentLocation','系统-部署位置',null);
  INSERT INTO sys_dict_category VALUES ('systemLevel','系统级别',null);
  INSERT INTO sys_dict_category VALUES ('systemNet','系统网络',null);
  INSERT INTO sys_dict_category VALUES ('systemStage','系统阶段',null);
  INSERT INTO sys_dict_category VALUES ('systemStatus','系统应用情况',null);


-- 系统字典表 select id,region_code,category,dict_code,dict_name,dict_desc,parent_code,order_number,icon,status  from sys_dict order by category ,parent_code,dict_code
delete from sys_dict;

insert into sys_dict (id,region_code,category,dict_code,dict_name,dict_desc,parent_code,order_number,icon,status) VALUES ('c7c1198f-7348-11e7-8cef-000c29e0ca25','','appRequirementNameSource','input','手动添加',NULL,NULL,NULL,NULL,1);
insert into sys_dict (id,region_code,category,dict_code,dict_name,dict_desc,parent_code,order_number,icon,status) VALUES ('d398102d-7348-11e7-8cef-000c29e0ca25','','appRequirementNameSource','select','从应用系统选择',NULL,NULL,NULL,NULL,1);
insert into sys_dict (id,region_code,category,dict_code,dict_name,dict_desc,parent_code,order_number,icon,status) VALUES ('103','','belongSystem','1','专网',NULL,NULL,NULL,NULL,1);
insert into sys_dict (id,region_code,category,dict_code,dict_name,dict_desc,parent_code,order_number,icon,status) VALUES ('104','','belongSystem','2','电子政务外网',NULL,NULL,NULL,NULL,1);
insert into sys_dict (id,region_code,category,dict_code,dict_name,dict_desc,parent_code,order_number,icon,status) VALUES ('105','','belongSystem','3','电子政务内网',NULL,NULL,NULL,NULL,1);
insert into sys_dict (id,region_code,category,dict_code,dict_name,dict_desc,parent_code,order_number,icon,status) VALUES ('106','','belongSystem','4','互联网',NULL,NULL,NULL,NULL,1);
insert into sys_dict (id,region_code,category,dict_code,dict_name,dict_desc,parent_code,order_number,icon,status) VALUES ('232c88e8-83f5-11e7-934d-00ffffff0000','','belongSystem','5','其他',NULL,NULL,NULL,NULL,1);
insert into sys_dict (id,region_code,category,dict_code,dict_name,dict_desc,parent_code,order_number,icon,status) VALUES ('c85223c9-7348-11e7-8cef-000c29e0ca25','','businessRequirementNameSource','input','手动添加',NULL,NULL,NULL,NULL,1);
insert into sys_dict (id,region_code,category,dict_code,dict_name,dict_desc,parent_code,order_number,icon,status) VALUES ('c81bee48-7348-11e7-8cef-000c29e0ca25','','businessRequirementNameSource','select','从信息资源选择',NULL,NULL,NULL,NULL,1);
insert into sys_dict (id,region_code,category,dict_code,dict_name,dict_desc,parent_code,order_number,icon,status) VALUES ('9346054d051a4ec9b74544cf692051b9','','categoryApp','421b9cea8ce74d9ab392f51b2ef3eb65','教育局 ',NULL,'35e2236aecde4dc795a427a82170b455',NULL,NULL,1);
insert into sys_dict (id,region_code,category,dict_code,dict_name,dict_desc,parent_code,order_number,icon,status) VALUES ('1d61d83f8d8644ae80f32bae58e639cc','','categoryApp','74f9540b115c4d0d96dfffd4ffebd112','审计局',NULL,'35e2236aecde4dc795a427a82170b455',NULL,NULL,1);
insert into sys_dict (id,region_code,category,dict_code,dict_name,dict_desc,parent_code,order_number,icon,status) VALUES ('4c06544170624680ba91e80a405c0963','','categoryApp','9556054c38794e0d968d9e5482894b3a','公安局',NULL,'35e2236aecde4dc795a427a82170b455',NULL,NULL,1);
insert into sys_dict (id,region_code,category,dict_code,dict_name,dict_desc,parent_code,order_number,icon,status) VALUES ('b0c8e140ce79418783973496f91aaca2','','categoryApp','35e2236aecde4dc795a427a82170b455','部门应用',NULL,'371d23829533445a8705cde2d82eeb63',NULL,NULL,1);
insert into sys_dict (id,region_code,category,dict_code,dict_name,dict_desc,parent_code,order_number,icon,status) VALUES ('54312','','categoryApp','54312','典型应用',NULL,'371d23829533445a8705cde2d82eeb63',NULL,NULL,1);
insert into sys_dict (id,region_code,category,dict_code,dict_name,dict_desc,parent_code,order_number,icon,status) VALUES ('54333','','categoryApp','54333','政务类',NULL,'371d23829533445a8705cde2d82eeb63',NULL,NULL,1);
insert into sys_dict (id,region_code,category,dict_code,dict_name,dict_desc,parent_code,order_number,icon,status) VALUES ('371d23829533445a8705cde2d82aab76','','categoryApp','371d23829533445a8705cde2d82aab76','APP客户端',NULL,'371d23829533445a8705cde2d82eeb76',NULL,NULL,1);
insert into sys_dict (id,region_code,category,dict_code,dict_name,dict_desc,parent_code,order_number,icon,status) VALUES ('371d23829533445a8705cde2d82qwb75','','categoryApp','371d23829533445a8705cde2d82qwb75','微信',NULL,'371d23829533445a8705cde2d82eeb76',NULL,NULL,1);
insert into sys_dict (id,region_code,category,dict_code,dict_name,dict_desc,parent_code,order_number,icon,status) VALUES ('371d23829533445a8705cde2d82ssb74','','categoryApp','371d23829533445a8705cde2d82ssb74','手机版网站',NULL,'371d23829533445a8705cde2d82eeb76',NULL,NULL,1);
insert into sys_dict (id,region_code,category,dict_code,dict_name,dict_desc,parent_code,order_number,icon,status) VALUES ('54123','','categoryApp','54123','跨部门应用',NULL,'371d23829533445a8705cde2d82eeb76',NULL,NULL,1);
insert into sys_dict (id,region_code,category,dict_code,dict_name,dict_desc,parent_code,order_number,icon,status) VALUES ('371d23829533445a8705cde2d82eeb63','','categoryApp','371d23829533445a8705cde2d82eeb63','常规应用',NULL,'root',NULL,NULL,1);
insert into sys_dict (id,region_code,category,dict_code,dict_name,dict_desc,parent_code,order_number,icon,status) VALUES ('371d23829533445a8705cde2d82eeb76','','categoryApp','371d23829533445a8705cde2d82eeb76','App应用',NULL,'root',NULL,NULL,1);
insert into sys_dict (id,region_code,category,dict_code,dict_name,dict_desc,parent_code,order_number,icon,status) VALUES ('127','','contactsType','2','组织负责人',NULL,NULL,NULL,NULL,1);
insert into sys_dict (id,region_code,category,dict_code,dict_name,dict_desc,parent_code,order_number,icon,status) VALUES ('1261','','contactsType','1','组织联络人',NULL,'',NULL,NULL,1);
insert into sys_dict (id,region_code,category,dict_code,dict_name,dict_desc,parent_code,order_number,icon,status) VALUES ('123683ac-262c-11e6-a9e9-507b9d1b58bb',NULL,'dataitemType','1','字符串型C','数据项数据类型','0',1,NULL,NULL);
insert into sys_dict (id,region_code,category,dict_code,dict_name,dict_desc,parent_code,order_number,icon,status) VALUES ('12c53b73-262c-11e6-a9e9-507b9d1b58bb',NULL,'dataitemType','10','整型I','数据项数据类型','0',10,NULL,NULL);
insert into sys_dict (id,region_code,category,dict_code,dict_name,dict_desc,parent_code,order_number,icon,status) VALUES ('12d4a85e-262c-11e6-a9e9-507b9d1b58bb',NULL,'dataitemType','11','浮动型F','数据项数据类型','0',11,NULL,NULL);
insert into sys_dict (id,region_code,category,dict_code,dict_name,dict_desc,parent_code,order_number,icon,status) VALUES ('127327cf-262c-11e6-a9e9-507b9d1b58bb',NULL,'dataitemType','2','数值型N','数据项数据类型','0',2,NULL,NULL);
insert into sys_dict (id,region_code,category,dict_code,dict_name,dict_desc,parent_code,order_number,icon,status) VALUES ('127e355e-262c-11e6-a9e9-507b9d1b58bb',NULL,'dataitemType','3','货币型Y','数据项数据类型','0',3,NULL,NULL);
insert into sys_dict (id,region_code,category,dict_code,dict_name,dict_desc,parent_code,order_number,icon,status) VALUES ('128a1df8-262c-11e6-a9e9-507b9d1b58bb',NULL,'dataitemType','4','日期型D','数据项数据类型','0',4,NULL,NULL);
insert into sys_dict (id,region_code,category,dict_code,dict_name,dict_desc,parent_code,order_number,icon,status) VALUES ('129774bf-262c-11e6-a9e9-507b9d1b58bb',NULL,'dataitemType','5','日期时间型T','数据项数据类型','0',5,NULL,NULL);
insert into sys_dict (id,region_code,category,dict_code,dict_name,dict_desc,parent_code,order_number,icon,status) VALUES ('12a009ae-262c-11e6-a9e9-507b9d1b58bb',NULL,'dataitemType','6','逻辑型L','数据项数据类型','0',6,NULL,NULL);
insert into sys_dict (id,region_code,category,dict_code,dict_name,dict_desc,parent_code,order_number,icon,status) VALUES ('12aa2217-262c-11e6-a9e9-507b9d1b58bb',NULL,'dataitemType','7','备注型M','数据项数据类型','0',7,NULL,NULL);
insert into sys_dict (id,region_code,category,dict_code,dict_name,dict_desc,parent_code,order_number,icon,status) VALUES ('12b2a66c-262c-11e6-a9e9-507b9d1b58bb',NULL,'dataitemType','8','通用型G','数据项数据类型','0',8,NULL,NULL);
insert into sys_dict (id,region_code,category,dict_code,dict_name,dict_desc,parent_code,order_number,icon,status) VALUES ('12bcef93-262c-11e6-a9e9-507b9d1b58bb',NULL,'dataitemType','9','双精度型B','数据项数据类型','0',9,NULL,NULL);
insert into sys_dict (id,region_code,category,dict_code,dict_name,dict_desc,parent_code,order_number,icon,status) VALUES ('77','','dataSetIsOpen','1','普遍开放',NULL,NULL,NULL,NULL,1);
insert into sys_dict (id,region_code,category,dict_code,dict_name,dict_desc,parent_code,order_number,icon,status) VALUES ('21','','dataSetIsOpen','2','依申请开放',NULL,NULL,NULL,NULL,1);
insert into sys_dict (id,region_code,category,dict_code,dict_name,dict_desc,parent_code,order_number,icon,status) VALUES ('20','','dataSetIsOpen','3','不开放',NULL,NULL,NULL,NULL,1);
insert into sys_dict (id,region_code,category,dict_code,dict_name,dict_desc,parent_code,order_number,icon,status) VALUES ('154','','dataSetReleaseType','1','发布到互联网',NULL,NULL,NULL,NULL,1);
insert into sys_dict (id,region_code,category,dict_code,dict_name,dict_desc,parent_code,order_number,icon,status) VALUES ('155','','dataSetReleaseType','2','发布到电子政务外网',NULL,NULL,NULL,NULL,1);
insert into sys_dict (id,region_code,category,dict_code,dict_name,dict_desc,parent_code,order_number,icon,status) VALUES ('156','','dataSetReleaseType','3','同时发布',NULL,NULL,NULL,NULL,1);
insert into sys_dict (id,region_code,category,dict_code,dict_name,dict_desc,parent_code,order_number,icon,status) VALUES ('14','','dataSetShareMethod','1','文件传输',NULL,NULL,NULL,NULL,1);
insert into sys_dict (id,region_code,category,dict_code,dict_name,dict_desc,parent_code,order_number,icon,status) VALUES ('15','','dataSetShareMethod','2','接口方式',NULL,NULL,NULL,NULL,1);
insert into sys_dict (id,region_code,category,dict_code,dict_name,dict_desc,parent_code,order_number,icon,status) VALUES ('16','','dataSetShareMethod','3','数据库对接',NULL,NULL,NULL,NULL,1);
insert into sys_dict (id,region_code,category,dict_code,dict_name,dict_desc,parent_code,order_number,icon,status) VALUES ('17','','dataSetShareMethod','4','前置机对接',NULL,NULL,NULL,NULL,1);
insert into sys_dict (id,region_code,category,dict_code,dict_name,dict_desc,parent_code,order_number,icon,status) VALUES ('18','','dataSetShareMethod','5','在线查询',NULL,NULL,NULL,NULL,1);
insert into sys_dict (id,region_code,category,dict_code,dict_name,dict_desc,parent_code,order_number,icon,status) VALUES ('19','','dataSetShareMethod','6','其他\r\n',NULL,NULL,NULL,NULL,1);
insert into sys_dict (id,region_code,category,dict_code,dict_name,dict_desc,parent_code,order_number,icon,status) VALUES ('76','','dataSetShareType','0','无条件共享',NULL,NULL,NULL,NULL,1);
insert into sys_dict (id,region_code,category,dict_code,dict_name,dict_desc,parent_code,order_number,icon,status) VALUES ('12','','dataSetShareType','1','有条件共享',NULL,NULL,NULL,NULL,1);
insert into sys_dict (id,region_code,category,dict_code,dict_name,dict_desc,parent_code,order_number,icon,status) VALUES ('13','','dataSetShareType','2','不予共享',NULL,NULL,NULL,NULL,1);
insert into sys_dict (id,region_code,category,dict_code,dict_name,dict_desc,parent_code,order_number,icon,status) VALUES ('147','','dataSetStatus','0','待注册',NULL,NULL,NULL,NULL,1);
insert into sys_dict (id,region_code,category,dict_code,dict_name,dict_desc,parent_code,order_number,icon,status) VALUES ('148','','dataSetStatus','1','待审核',NULL,NULL,NULL,NULL,1);
insert into sys_dict (id,region_code,category,dict_code,dict_name,dict_desc,parent_code,order_number,icon,status) VALUES ('149','','dataSetStatus','2','审核不通过',NULL,NULL,NULL,NULL,1);
insert into sys_dict (id,region_code,category,dict_code,dict_name,dict_desc,parent_code,order_number,icon,status) VALUES ('150','','dataSetStatus','3','待发布',NULL,NULL,NULL,NULL,1);
insert into sys_dict (id,region_code,category,dict_code,dict_name,dict_desc,parent_code,order_number,icon,status) VALUES ('151','','dataSetStatus','4','驳回审核',NULL,NULL,NULL,NULL,1);
insert into sys_dict (id,region_code,category,dict_code,dict_name,dict_desc,parent_code,order_number,icon,status) VALUES ('152','','dataSetStatus','5','已发布',NULL,NULL,NULL,NULL,1);
insert into sys_dict (id,region_code,category,dict_code,dict_name,dict_desc,parent_code,order_number,icon,status) VALUES ('153','','dataSetStatus','6','已下架',NULL,NULL,NULL,NULL,1);
insert into sys_dict (id,region_code,category,dict_code,dict_name,dict_desc,parent_code,order_number,icon,status) VALUES ('22','','dataSetStoreMedia','1','电子表格',NULL,NULL,NULL,NULL,1);
insert into sys_dict (id,region_code,category,dict_code,dict_name,dict_desc,parent_code,order_number,icon,status) VALUES ('23','','dataSetStoreMedia','2','纸质文件',NULL,NULL,NULL,NULL,1);
insert into sys_dict (id,region_code,category,dict_code,dict_name,dict_desc,parent_code,order_number,icon,status) VALUES ('24','','dataSetStoreMedia','3','数据库',NULL,NULL,NULL,NULL,1);
insert into sys_dict (id,region_code,category,dict_code,dict_name,dict_desc,parent_code,order_number,icon,status) VALUES ('25','','dataSetStoreMedia','4','其它',NULL,NULL,NULL,NULL,1);
insert into sys_dict (id,region_code,category,dict_code,dict_name,dict_desc,parent_code,order_number,icon,status) VALUES ('11','','dataSetType','1','需要的',NULL,NULL,NULL,NULL,1);
insert into sys_dict (id,region_code,category,dict_code,dict_name,dict_desc,parent_code,order_number,icon,status) VALUES ('141','','dbCategory','1','关系型数据库',NULL,NULL,NULL,NULL,1);
insert into sys_dict (id,region_code,category,dict_code,dict_name,dict_desc,parent_code,order_number,icon,status) VALUES ('142','','dbCategory','2','普通文件系统',NULL,NULL,NULL,NULL,1);
insert into sys_dict (id,region_code,category,dict_code,dict_name,dict_desc,parent_code,order_number,icon,status) VALUES ('143','','dbType','1','MYSQL',NULL,NULL,NULL,NULL,1);
insert into sys_dict (id,region_code,category,dict_code,dict_name,dict_desc,parent_code,order_number,icon,status) VALUES ('144','','dbType','2','SQLSERVER',NULL,NULL,NULL,NULL,1);
insert into sys_dict (id,region_code,category,dict_code,dict_name,dict_desc,parent_code,order_number,icon,status) VALUES ('145','','dbType','3','ORACLE',NULL,NULL,NULL,NULL,1);
insert into sys_dict (id,region_code,category,dict_code,dict_name,dict_desc,parent_code,order_number,icon,status) VALUES ('146','','dbType','4','ACCESS',NULL,NULL,NULL,NULL,1);
insert into sys_dict (id,region_code,category,dict_code,dict_name,dict_desc,parent_code,order_number,icon,status) VALUES ('84','','goldProjecty','1','非十二金工程',NULL,NULL,NULL,NULL,1);
insert into sys_dict (id,region_code,category,dict_code,dict_name,dict_desc,parent_code,order_number,icon,status) VALUES ('94','','goldProjecty','10','金农工程',NULL,NULL,NULL,NULL,1);
insert into sys_dict (id,region_code,category,dict_code,dict_name,dict_desc,parent_code,order_number,icon,status) VALUES ('95','','goldProjecty','11','金水工程',NULL,NULL,NULL,NULL,1);
insert into sys_dict (id,region_code,category,dict_code,dict_name,dict_desc,parent_code,order_number,icon,status) VALUES ('96','','goldProjecty','12','金质工程',NULL,NULL,NULL,NULL,1);
insert into sys_dict (id,region_code,category,dict_code,dict_name,dict_desc,parent_code,order_number,icon,status) VALUES ('85','','goldProjecty','2','金宏工程',NULL,NULL,NULL,NULL,1);
insert into sys_dict (id,region_code,category,dict_code,dict_name,dict_desc,parent_code,order_number,icon,status) VALUES ('86','','goldProjecty','3','金土工程',NULL,NULL,NULL,NULL,1);
insert into sys_dict (id,region_code,category,dict_code,dict_name,dict_desc,parent_code,order_number,icon,status) VALUES ('87','','goldProjecty','4','金财工程',NULL,NULL,NULL,NULL,1);
insert into sys_dict (id,region_code,category,dict_code,dict_name,dict_desc,parent_code,order_number,icon,status) VALUES ('88','','goldProjecty','5','金税工程',NULL,NULL,NULL,NULL,1);
insert into sys_dict (id,region_code,category,dict_code,dict_name,dict_desc,parent_code,order_number,icon,status) VALUES ('89','','goldProjecty','5','金卡工程',NULL,NULL,NULL,NULL,1);
insert into sys_dict (id,region_code,category,dict_code,dict_name,dict_desc,parent_code,order_number,icon,status) VALUES ('90','','goldProjecty','6','金审工程',NULL,NULL,NULL,NULL,1);
insert into sys_dict (id,region_code,category,dict_code,dict_name,dict_desc,parent_code,order_number,icon,status) VALUES ('91','','goldProjecty','7','金关工程',NULL,NULL,NULL,NULL,1);
insert into sys_dict (id,region_code,category,dict_code,dict_name,dict_desc,parent_code,order_number,icon,status) VALUES ('92','','goldProjecty','8','金盾工程',NULL,NULL,NULL,NULL,1);
insert into sys_dict (id,region_code,category,dict_code,dict_name,dict_desc,parent_code,order_number,icon,status) VALUES ('93','','goldProjecty','9','金保工程',NULL,NULL,NULL,NULL,1);
insert into sys_dict (id,region_code,category,dict_code,dict_name,dict_desc,parent_code,order_number,icon,status) VALUES ('115','','interfaceAble','0','否',NULL,NULL,NULL,NULL,1);
insert into sys_dict (id,region_code,category,dict_code,dict_name,dict_desc,parent_code,order_number,icon,status) VALUES ('116','','interfaceAble','1','是',NULL,NULL,NULL,NULL,1);
insert into sys_dict (id,region_code,category,dict_code,dict_name,dict_desc,parent_code,order_number,icon,status) VALUES ('120','','isExplain','0','否',NULL,NULL,NULL,NULL,1);
insert into sys_dict (id,region_code,category,dict_code,dict_name,dict_desc,parent_code,order_number,icon,status) VALUES ('119','','isExplain','1','是',NULL,NULL,NULL,NULL,1);
insert into sys_dict (id,region_code,category,dict_code,dict_name,dict_desc,parent_code,order_number,icon,status) VALUES ('107','','isLoacl','0','否',NULL,NULL,NULL,NULL,1);
insert into sys_dict (id,region_code,category,dict_code,dict_name,dict_desc,parent_code,order_number,icon,status) VALUES ('108','','isLoacl','1','是',NULL,NULL,NULL,NULL,1);
insert into sys_dict (id,region_code,category,dict_code,dict_name,dict_desc,parent_code,order_number,icon,status) VALUES ('121','','isOutPut','0','否',NULL,NULL,NULL,NULL,1);
insert into sys_dict (id,region_code,category,dict_code,dict_name,dict_desc,parent_code,order_number,icon,status) VALUES ('122','','isOutPut','1','是',NULL,NULL,NULL,NULL,1);
insert into sys_dict (id,region_code,category,dict_code,dict_name,dict_desc,parent_code,order_number,icon,status) VALUES ('125','','isUseAble','0','否',NULL,NULL,NULL,NULL,1);
insert into sys_dict (id,region_code,category,dict_code,dict_name,dict_desc,parent_code,order_number,icon,status) VALUES ('126','','isUseAble','1','是',NULL,NULL,NULL,NULL,1);
insert into sys_dict (id,region_code,category,dict_code,dict_name,dict_desc,parent_code,order_number,icon,status) VALUES ('124','','oldSystem','0','否',NULL,NULL,NULL,NULL,1);
insert into sys_dict (id,region_code,category,dict_code,dict_name,dict_desc,parent_code,order_number,icon,status) VALUES ('123','','oldSystem','1','是',NULL,NULL,NULL,NULL,1);
insert into sys_dict (id,region_code,category,dict_code,dict_name,dict_desc,parent_code,order_number,icon,status) VALUES ('117','','onLineBussnines','0','否',NULL,NULL,NULL,NULL,1);
insert into sys_dict (id,region_code,category,dict_code,dict_name,dict_desc,parent_code,order_number,icon,status) VALUES ('118','','onLineBussnines','1','是',NULL,NULL,NULL,NULL,1);
insert into sys_dict (id,region_code,category,dict_code,dict_name,dict_desc,parent_code,order_number,icon,status) VALUES ('3','','ordinary','0','否',NULL,NULL,NULL,NULL,1);
insert into sys_dict (id,region_code,category,dict_code,dict_name,dict_desc,parent_code,order_number,icon,status) VALUES ('4','','ordinary','1','是',NULL,NULL,NULL,NULL,1);
insert into sys_dict (id,region_code,category,dict_code,dict_name,dict_desc,parent_code,order_number,icon,status) VALUES ('59','','requirementExpectGetType','1','文件传输',NULL,NULL,NULL,NULL,1);
insert into sys_dict (id,region_code,category,dict_code,dict_name,dict_desc,parent_code,order_number,icon,status) VALUES ('60','','requirementExpectGetType','2','接口方式',NULL,NULL,NULL,NULL,1);
insert into sys_dict (id,region_code,category,dict_code,dict_name,dict_desc,parent_code,order_number,icon,status) VALUES ('61','','requirementExpectGetType','3','数据库对接',NULL,NULL,NULL,NULL,1);
insert into sys_dict (id,region_code,category,dict_code,dict_name,dict_desc,parent_code,order_number,icon,status) VALUES ('62','','requirementExpectGetType','4','前置机对接',NULL,NULL,NULL,NULL,1);
insert into sys_dict (id,region_code,category,dict_code,dict_name,dict_desc,parent_code,order_number,icon,status) VALUES ('63','','requirementExpectGetType','5','在线查询',NULL,NULL,NULL,NULL,1);
insert into sys_dict (id,region_code,category,dict_code,dict_name,dict_desc,parent_code,order_number,icon,status) VALUES ('64','','requirementExpectGetType','6','其它',NULL,NULL,NULL,NULL,1);
insert into sys_dict (id,region_code,category,dict_code,dict_name,dict_desc,parent_code,order_number,icon,status) VALUES ('65','','requirementExpectUpdateFrequence','1','年',NULL,NULL,NULL,NULL,1);
insert into sys_dict (id,region_code,category,dict_code,dict_name,dict_desc,parent_code,order_number,icon,status) VALUES ('74','','requirementExpectUpdateFrequence','10','不定期 ',NULL,NULL,NULL,NULL,1);
insert into sys_dict (id,region_code,category,dict_code,dict_name,dict_desc,parent_code,order_number,icon,status) VALUES ('75','','requirementExpectUpdateFrequence','11','其他',NULL,NULL,NULL,NULL,1);
insert into sys_dict (id,region_code,category,dict_code,dict_name,dict_desc,parent_code,order_number,icon,status) VALUES ('66','','requirementExpectUpdateFrequence','2','半年',NULL,NULL,NULL,NULL,1);
insert into sys_dict (id,region_code,category,dict_code,dict_name,dict_desc,parent_code,order_number,icon,status) VALUES ('67','','requirementExpectUpdateFrequence','3','季',NULL,NULL,NULL,NULL,1);
insert into sys_dict (id,region_code,category,dict_code,dict_name,dict_desc,parent_code,order_number,icon,status) VALUES ('68','','requirementExpectUpdateFrequence','4','月',NULL,NULL,NULL,NULL,1);
insert into sys_dict (id,region_code,category,dict_code,dict_name,dict_desc,parent_code,order_number,icon,status) VALUES ('69','','requirementExpectUpdateFrequence','5','旬',NULL,NULL,NULL,NULL,1);
insert into sys_dict (id,region_code,category,dict_code,dict_name,dict_desc,parent_code,order_number,icon,status) VALUES ('70','','requirementExpectUpdateFrequence','6','周',NULL,NULL,NULL,NULL,1);
insert into sys_dict (id,region_code,category,dict_code,dict_name,dict_desc,parent_code,order_number,icon,status) VALUES ('71','','requirementExpectUpdateFrequence','7','日',NULL,NULL,NULL,NULL,1);
insert into sys_dict (id,region_code,category,dict_code,dict_name,dict_desc,parent_code,order_number,icon,status) VALUES ('72','','requirementExpectUpdateFrequence','8','小时',NULL,NULL,NULL,NULL,1);
insert into sys_dict (id,region_code,category,dict_code,dict_name,dict_desc,parent_code,order_number,icon,status) VALUES ('73','','requirementExpectUpdateFrequence','9','实时',NULL,NULL,NULL,NULL,1);
insert into sys_dict (id,region_code,category,dict_code,dict_name,dict_desc,parent_code,order_number,icon,status) VALUES ('136','','requirementNameSource','input','手工新增',NULL,NULL,NULL,NULL,1);
insert into sys_dict (id,region_code,category,dict_code,dict_name,dict_desc,parent_code,order_number,icon,status) VALUES ('135','','requirementNameSource','select','从资源选择',NULL,NULL,NULL,NULL,1);
insert into sys_dict (id,region_code,category,dict_code,dict_name,dict_desc,parent_code,order_number,icon,status) VALUES ('28','','sensitive','1','个人隐私',NULL,NULL,NULL,NULL,1);
insert into sys_dict (id,region_code,category,dict_code,dict_name,dict_desc,parent_code,order_number,icon,status) VALUES ('29','','sensitive','2','商业机密',NULL,NULL,NULL,NULL,1);
insert into sys_dict (id,region_code,category,dict_code,dict_name,dict_desc,parent_code,order_number,icon,status) VALUES ('30','','sensitive','3','国家机密',NULL,NULL,NULL,NULL,1);
insert into sys_dict (id,region_code,category,dict_code,dict_name,dict_desc,parent_code,order_number,icon,status) VALUES ('31','','sensitive','4','不涉密',NULL,NULL,NULL,NULL,1);
insert into sys_dict (id,region_code,category,dict_code,dict_name,dict_desc,parent_code,order_number,icon,status) VALUES ('5','','serviceTarget','1','个人',NULL,NULL,NULL,NULL,1);
insert into sys_dict (id,region_code,category,dict_code,dict_name,dict_desc,parent_code,order_number,icon,status) VALUES ('6','','serviceTarget','2','企业',NULL,NULL,NULL,NULL,1);
insert into sys_dict (id,region_code,category,dict_code,dict_name,dict_desc,parent_code,order_number,icon,status) VALUES ('7','','serviceTarget','3','个人和企业',NULL,NULL,NULL,NULL,1);
insert into sys_dict (id,region_code,category,dict_code,dict_name,dict_desc,parent_code,order_number,icon,status) VALUES ('8','','serviceTarget','4','政府',NULL,NULL,NULL,NULL,1);
insert into sys_dict (id,region_code,category,dict_code,dict_name,dict_desc,parent_code,order_number,icon,status) VALUES ('9','','serviceTarget','5','其他',NULL,NULL,NULL,NULL,1);
insert into sys_dict (id,region_code,category,dict_code,dict_name,dict_desc,parent_code,order_number,icon,status) VALUES ('157','','setItemAuditStatus','0','待审核',NULL,NULL,NULL,NULL,1);
insert into sys_dict (id,region_code,category,dict_code,dict_name,dict_desc,parent_code,order_number,icon,status) VALUES ('158','','setItemAuditStatus','1','同意',NULL,NULL,NULL,NULL,1);
insert into sys_dict (id,region_code,category,dict_code,dict_name,dict_desc,parent_code,order_number,icon,status) VALUES ('159','','setItemAuditStatus','2','拒绝',NULL,NULL,NULL,NULL,1);
insert into sys_dict (id,region_code,category,dict_code,dict_name,dict_desc,parent_code,order_number,icon,status) VALUES ('32','','setItemFrequency','1','年',NULL,NULL,NULL,NULL,1);
insert into sys_dict (id,region_code,category,dict_code,dict_name,dict_desc,parent_code,order_number,icon,status) VALUES ('41','','setItemFrequency','10','不定期',NULL,NULL,NULL,NULL,1);
insert into sys_dict (id,region_code,category,dict_code,dict_name,dict_desc,parent_code,order_number,icon,status) VALUES ('42','','setItemFrequency','11','其它',NULL,NULL,NULL,NULL,1);
insert into sys_dict (id,region_code,category,dict_code,dict_name,dict_desc,parent_code,order_number,icon,status) VALUES ('33','','setItemFrequency','2','半年',NULL,NULL,NULL,NULL,1);
insert into sys_dict (id,region_code,category,dict_code,dict_name,dict_desc,parent_code,order_number,icon,status) VALUES ('34','','setItemFrequency','3','季',NULL,NULL,NULL,NULL,1);
insert into sys_dict (id,region_code,category,dict_code,dict_name,dict_desc,parent_code,order_number,icon,status) VALUES ('35','','setItemFrequency','4','月',NULL,NULL,NULL,NULL,1);
insert into sys_dict (id,region_code,category,dict_code,dict_name,dict_desc,parent_code,order_number,icon,status) VALUES ('36','','setItemFrequency','5','旬',NULL,NULL,NULL,NULL,1);
insert into sys_dict (id,region_code,category,dict_code,dict_name,dict_desc,parent_code,order_number,icon,status) VALUES ('37','','setItemFrequency','6','周',NULL,NULL,NULL,NULL,1);
insert into sys_dict (id,region_code,category,dict_code,dict_name,dict_desc,parent_code,order_number,icon,status) VALUES ('38','','setItemFrequency','7','日',NULL,NULL,NULL,NULL,1);
insert into sys_dict (id,region_code,category,dict_code,dict_name,dict_desc,parent_code,order_number,icon,status) VALUES ('39','','setItemFrequency','8','小时',NULL,NULL,NULL,NULL,1);
insert into sys_dict (id,region_code,category,dict_code,dict_name,dict_desc,parent_code,order_number,icon,status) VALUES ('40','','setItemFrequency','9','实时',NULL,NULL,NULL,NULL,1);
insert into sys_dict (id,region_code,category,dict_code,dict_name,dict_desc,parent_code,order_number,icon,status) VALUES ('49','','setItemIsOpen','1','普遍开放',NULL,NULL,NULL,NULL,1);
insert into sys_dict (id,region_code,category,dict_code,dict_name,dict_desc,parent_code,order_number,icon,status) VALUES ('50','','setItemIsOpen','2','依申请开放',NULL,NULL,NULL,NULL,1);
insert into sys_dict (id,region_code,category,dict_code,dict_name,dict_desc,parent_code,order_number,icon,status) VALUES ('78','','setItemIsOpen','3','不开放',NULL,NULL,NULL,NULL,1);
insert into sys_dict (id,region_code,category,dict_code,dict_name,dict_desc,parent_code,order_number,icon,status) VALUES ('27','','setItemSetType','0','产生的',NULL,NULL,NULL,NULL,1);
insert into sys_dict (id,region_code,category,dict_code,dict_name,dict_desc,parent_code,order_number,icon,status) VALUES ('26','','setItemSetType','1','需要的',NULL,NULL,NULL,NULL,1);
insert into sys_dict (id,region_code,category,dict_code,dict_name,dict_desc,parent_code,order_number,icon,status) VALUES ('43','','setItemShareMethod','1','文件传输',NULL,NULL,NULL,NULL,1);
insert into sys_dict (id,region_code,category,dict_code,dict_name,dict_desc,parent_code,order_number,icon,status) VALUES ('44','','setItemShareMethod','2','接口方式',NULL,NULL,NULL,NULL,1);
insert into sys_dict (id,region_code,category,dict_code,dict_name,dict_desc,parent_code,order_number,icon,status) VALUES ('45','','setItemShareMethod','3','数据库对接',NULL,NULL,NULL,NULL,1);
insert into sys_dict (id,region_code,category,dict_code,dict_name,dict_desc,parent_code,order_number,icon,status) VALUES ('46','','setItemShareMethod','4','前置机对接',NULL,NULL,NULL,NULL,1);
insert into sys_dict (id,region_code,category,dict_code,dict_name,dict_desc,parent_code,order_number,icon,status) VALUES ('47','','setItemShareMethod','5','在线查询',NULL,NULL,NULL,NULL,1);
insert into sys_dict (id,region_code,category,dict_code,dict_name,dict_desc,parent_code,order_number,icon,status) VALUES ('48','','setItemShareMethod','6','其它',NULL,NULL,NULL,NULL,1);
insert into sys_dict (id,region_code,category,dict_code,dict_name,dict_desc,parent_code,order_number,icon,status) VALUES ('55','','setItemStoreLocation','1','政务云平台',NULL,NULL,NULL,NULL,1);
insert into sys_dict (id,region_code,category,dict_code,dict_name,dict_desc,parent_code,order_number,icon,status) VALUES ('56','','setItemStoreLocation','2','自建机房',NULL,NULL,NULL,NULL,1);
insert into sys_dict (id,region_code,category,dict_code,dict_name,dict_desc,parent_code,order_number,icon,status) VALUES ('57','','setItemStoreLocation','3','政务集中机房',NULL,NULL,NULL,NULL,1);
insert into sys_dict (id,region_code,category,dict_code,dict_name,dict_desc,parent_code,order_number,icon,status) VALUES ('58','','setItemStoreLocation','4','其它',NULL,NULL,NULL,NULL,1);
insert into sys_dict (id,region_code,category,dict_code,dict_name,dict_desc,parent_code,order_number,icon,status) VALUES ('51','','setItemStoreMedia','1','电子表格',NULL,NULL,NULL,NULL,1);
insert into sys_dict (id,region_code,category,dict_code,dict_name,dict_desc,parent_code,order_number,icon,status) VALUES ('52','','setItemStoreMedia','2','纸质文件',NULL,NULL,NULL,NULL,1);
insert into sys_dict (id,region_code,category,dict_code,dict_name,dict_desc,parent_code,order_number,icon,status) VALUES ('53','','setItemStoreMedia','3','数据库',NULL,NULL,NULL,NULL,1);
insert into sys_dict (id,region_code,category,dict_code,dict_name,dict_desc,parent_code,order_number,icon,status) VALUES ('54','','setItemStoreMedia','4','其它',NULL,NULL,NULL,NULL,1);
insert into sys_dict (id,region_code,category,dict_code,dict_name,dict_desc,parent_code,order_number,icon,status) VALUES ('109','','systemArchitecture','1','B/S',NULL,NULL,NULL,NULL,1);
insert into sys_dict (id,region_code,category,dict_code,dict_name,dict_desc,parent_code,order_number,icon,status) VALUES ('110','','systemArchitecture','2','C/S',NULL,NULL,NULL,NULL,1);
insert into sys_dict (id,region_code,category,dict_code,dict_name,dict_desc,parent_code,order_number,icon,status) VALUES ('129','','systemConstructionProperty','1','国家垂直系统',NULL,NULL,NULL,NULL,1);
insert into sys_dict (id,region_code,category,dict_code,dict_name,dict_desc,parent_code,order_number,icon,status) VALUES ('130','','systemConstructionProperty','2','省级垂直系统',NULL,NULL,NULL,NULL,1);
insert into sys_dict (id,region_code,category,dict_code,dict_name,dict_desc,parent_code,order_number,icon,status) VALUES ('131','','systemConstructionProperty','3','市级系统（多部门共用）',NULL,NULL,NULL,NULL,1);
insert into sys_dict (id,region_code,category,dict_code,dict_name,dict_desc,parent_code,order_number,icon,status) VALUES ('132','','systemConstructionProperty','4','市级系统（部门专用）',NULL,NULL,NULL,NULL,1);
insert into sys_dict (id,region_code,category,dict_code,dict_name,dict_desc,parent_code,order_number,icon,status) VALUES ('137','','systemDeploymentLocation','1','政务云平台',NULL,NULL,NULL,NULL,1);
insert into sys_dict (id,region_code,category,dict_code,dict_name,dict_desc,parent_code,order_number,icon,status) VALUES ('138','','systemDeploymentLocation','2','自建机房',NULL,NULL,NULL,NULL,1);
insert into sys_dict (id,region_code,category,dict_code,dict_name,dict_desc,parent_code,order_number,icon,status) VALUES ('139','','systemDeploymentLocation','3','政务集中机房',NULL,NULL,NULL,NULL,1);
insert into sys_dict (id,region_code,category,dict_code,dict_name,dict_desc,parent_code,order_number,icon,status) VALUES ('140','','systemDeploymentLocation','4','其它',NULL,NULL,NULL,NULL,1);
insert into sys_dict (id,region_code,category,dict_code,dict_name,dict_desc,parent_code,order_number,icon,status) VALUES ('10','','systemLevel','0','产生的',NULL,NULL,NULL,NULL,1);
insert into sys_dict (id,region_code,category,dict_code,dict_name,dict_desc,parent_code,order_number,icon,status) VALUES ('97','','systemLevel','1','国家部委',NULL,NULL,NULL,NULL,1);
insert into sys_dict (id,region_code,category,dict_code,dict_name,dict_desc,parent_code,order_number,icon,status) VALUES ('98','','systemLevel','2','省级',NULL,NULL,NULL,NULL,1);
insert into sys_dict (id,region_code,category,dict_code,dict_name,dict_desc,parent_code,order_number,icon,status) VALUES ('99','','systemLevel','3','地市级',NULL,NULL,NULL,NULL,1);
insert into sys_dict (id,region_code,category,dict_code,dict_name,dict_desc,parent_code,order_number,icon,status) VALUES ('100','','systemLevel','4','产生的',NULL,NULL,NULL,NULL,1);
insert into sys_dict (id,region_code,category,dict_code,dict_name,dict_desc,parent_code,order_number,icon,status) VALUES ('101','','systemLevel','4','产生的',NULL,NULL,NULL,NULL,1);
insert into sys_dict (id,region_code,category,dict_code,dict_name,dict_desc,parent_code,order_number,icon,status) VALUES ('102','','systemLevel','5','产生的',NULL,NULL,NULL,NULL,1);
insert into sys_dict (id,region_code,category,dict_code,dict_name,dict_desc,parent_code,order_number,icon,status) VALUES ('134','','systemNet','0','否',NULL,NULL,NULL,NULL,1);
insert into sys_dict (id,region_code,category,dict_code,dict_name,dict_desc,parent_code,order_number,icon,status) VALUES ('133','','systemNet','1','是',NULL,NULL,NULL,NULL,1);
insert into sys_dict (id,region_code,category,dict_code,dict_name,dict_desc,parent_code,order_number,icon,status) VALUES ('79','','systemStage','1','拟建',NULL,NULL,NULL,NULL,1);
insert into sys_dict (id,region_code,category,dict_code,dict_name,dict_desc,parent_code,order_number,icon,status) VALUES ('80','','systemStage','2','在建',NULL,NULL,NULL,NULL,1);
insert into sys_dict (id,region_code,category,dict_code,dict_name,dict_desc,parent_code,order_number,icon,status) VALUES ('81','','systemStage','3','试运',NULL,NULL,NULL,NULL,1);
insert into sys_dict (id,region_code,category,dict_code,dict_name,dict_desc,parent_code,order_number,icon,status) VALUES ('82','','systemStage','4','投运',NULL,NULL,NULL,NULL,1);
insert into sys_dict (id,region_code,category,dict_code,dict_name,dict_desc,parent_code,order_number,icon,status) VALUES ('83','','systemStage','5','停运',NULL,NULL,NULL,NULL,1);
insert into sys_dict (id,region_code,category,dict_code,dict_name,dict_desc,parent_code,order_number,icon,status) VALUES ('111','','systemStatus','1','好',NULL,NULL,NULL,NULL,1);
insert into sys_dict (id,region_code,category,dict_code,dict_name,dict_desc,parent_code,order_number,icon,status) VALUES ('112','','systemStatus','2','良好',NULL,NULL,NULL,NULL,1);
insert into sys_dict (id,region_code,category,dict_code,dict_name,dict_desc,parent_code,order_number,icon,status) VALUES ('113','','systemStatus','3','一般',NULL,NULL,NULL,NULL,1);
insert into sys_dict (id,region_code,category,dict_code,dict_name,dict_desc,parent_code,order_number,icon,status) VALUES ('114','','systemStatus','4','差',NULL,NULL,NULL,NULL,1);
insert into sys_dict (id,region_code,category,dict_code,dict_name,dict_desc,parent_code,order_number,icon,status) VALUES ('ffc92e1ea7f011e7b780000c2909b055','','resourceFormat','01','电子文件',NULL,'',1,NULL,1);
insert into sys_dict (id,region_code,category,dict_code,dict_name,dict_desc,parent_code,order_number,icon,status) VALUES ('ffe674c7a7f011e7b780000c2909b055','','resourceFormat','02','电子表格',NULL,'',2,NULL,1);
insert into sys_dict (id,region_code,category,dict_code,dict_name,dict_desc,parent_code,order_number,icon,status) VALUES ('fff2ac20a7f011e7b780000c2909b055','','resourceFormat','03','数据库',NULL,'',3,NULL,1);
insert into sys_dict (id,region_code,category,dict_code,dict_name,dict_desc,parent_code,order_number,icon,status) VALUES ('0014636aa7f111e7b780000c2909b055','','resourceFormat','04','图形图像',NULL,'',4,NULL,1);
insert into sys_dict (id,region_code,category,dict_code,dict_name,dict_desc,parent_code,order_number,icon,status) VALUES ('0021879ba7f111e7b780000c2909b055','','resourceFormat','05','流媒体',NULL,'',5,NULL,1);
insert into sys_dict (id,region_code,category,dict_code,dict_name,dict_desc,parent_code,order_number,icon,status) VALUES ('002f6f2fa7f111e7b780000c2909b055','','resourceFormat','06','自描述格式',NULL,'',6,NULL,1);
insert into sys_dict (id,region_code,category,dict_code,dict_name,dict_desc,parent_code,order_number,icon,status) VALUES ('ffcb70e3a7f011e7b780000c2909b055','','resourceFormat','0101','doc',NULL,'01',1,NULL,1);
insert into sys_dict (id,region_code,category,dict_code,dict_name,dict_desc,parent_code,order_number,icon,status) VALUES ('ffce2e09a7f011e7b780000c2909b055','','resourceFormat','0102','docx',NULL,'01',2,NULL,1);
insert into sys_dict (id,region_code,category,dict_code,dict_name,dict_desc,parent_code,order_number,icon,status) VALUES ('ffd0d06ea7f011e7b780000c2909b055','','resourceFormat','0103','html',NULL,'01',3,NULL,1);
insert into sys_dict (id,region_code,category,dict_code,dict_name,dict_desc,parent_code,order_number,icon,status) VALUES ('ffd3516ca7f011e7b780000c2909b055','','resourceFormat','0104','OFD',NULL,'01',4,NULL,1);
insert into sys_dict (id,region_code,category,dict_code,dict_name,dict_desc,parent_code,order_number,icon,status) VALUES ('ffd6824da7f011e7b780000c2909b055','','resourceFormat','0105','pdf',NULL,'01',5,NULL,1);
insert into sys_dict (id,region_code,category,dict_code,dict_name,dict_desc,parent_code,order_number,icon,status) VALUES ('ffd91cb6a7f011e7b780000c2909b055','','resourceFormat','0106','ppt',NULL,'01',6,NULL,1);
insert into sys_dict (id,region_code,category,dict_code,dict_name,dict_desc,parent_code,order_number,icon,status) VALUES ('ffdbde7ba7f011e7b780000c2909b055','','resourceFormat','0107','txt',NULL,'01',7,NULL,1);
insert into sys_dict (id,region_code,category,dict_code,dict_name,dict_desc,parent_code,order_number,icon,status) VALUES ('ffde6192a7f011e7b780000c2909b055','','resourceFormat','0108','wps',NULL,'01',8,NULL,1);
insert into sys_dict (id,region_code,category,dict_code,dict_name,dict_desc,parent_code,order_number,icon,status) VALUES ('ffe12424a7f011e7b780000c2909b055','','resourceFormat','0109','xml',NULL,'01',9,NULL,1);
insert into sys_dict (id,region_code,category,dict_code,dict_name,dict_desc,parent_code,order_number,icon,status) VALUES ('ffe37e82a7f011e7b780000c2909b055','','resourceFormat','0110','其他',NULL,'01',10,NULL,1);
insert into sys_dict (id,region_code,category,dict_code,dict_name,dict_desc,parent_code,order_number,icon,status) VALUES ('ffe8f959a7f011e7b780000c2909b055','','resourceFormat','0201','et',NULL,'02',1,NULL,1);
insert into sys_dict (id,region_code,category,dict_code,dict_name,dict_desc,parent_code,order_number,icon,status) VALUES ('ffebcbcea7f011e7b780000c2909b055','','resourceFormat','0202','xls',NULL,'02',2,NULL,1);
insert into sys_dict (id,region_code,category,dict_code,dict_name,dict_desc,parent_code,order_number,icon,status) VALUES ('ffee25e1a7f011e7b780000c2909b055','','resourceFormat','0203','xlsx',NULL,'02',3,NULL,1);
insert into sys_dict (id,region_code,category,dict_code,dict_name,dict_desc,parent_code,order_number,icon,status) VALUES ('fff06071a7f011e7b780000c2909b055','','resourceFormat','0204','其他',NULL,'02',4,NULL,1);
insert into sys_dict (id,region_code,category,dict_code,dict_name,dict_desc,parent_code,order_number,icon,status) VALUES ('fff520e2a7f011e7b780000c2909b055','','resourceFormat','0301','access',NULL,'03',1,NULL,1);
insert into sys_dict (id,region_code,category,dict_code,dict_name,dict_desc,parent_code,order_number,icon,status) VALUES ('fff76d4ca7f011e7b780000c2909b055','','resourceFormat','0302','db2',NULL,'03',2,NULL,1);
insert into sys_dict (id,region_code,category,dict_code,dict_name,dict_desc,parent_code,order_number,icon,status) VALUES ('fffa3486a7f011e7b780000c2909b055','','resourceFormat','0303','dbase',NULL,'03',3,NULL,1);
insert into sys_dict (id,region_code,category,dict_code,dict_name,dict_desc,parent_code,order_number,icon,status) VALUES ('fffcbfb8a7f011e7b780000c2909b055','','resourceFormat','0304','dbf',NULL,'03',4,NULL,1);
insert into sys_dict (id,region_code,category,dict_code,dict_name,dict_desc,parent_code,order_number,icon,status) VALUES ('ffff3d07a7f011e7b780000c2909b055','','resourceFormat','0305','Dm',NULL,'03',5,NULL,1);
insert into sys_dict (id,region_code,category,dict_code,dict_name,dict_desc,parent_code,order_number,icon,status) VALUES ('00040f8ca7f111e7b780000c2909b055','','resourceFormat','0306','KingbaseES',NULL,'03',6,NULL,1);
insert into sys_dict (id,region_code,category,dict_code,dict_name,dict_desc,parent_code,order_number,icon,status) VALUES ('00076daca7f111e7b780000c2909b055','','resourceFormat','0307','oracle',NULL,'03',7,NULL,1);
insert into sys_dict (id,region_code,category,dict_code,dict_name,dict_desc,parent_code,order_number,icon,status) VALUES ('000a639ba7f111e7b780000c2909b055','','resourceFormat','0308','sqlServer',NULL,'03',8,NULL,1);
insert into sys_dict (id,region_code,category,dict_code,dict_name,dict_desc,parent_code,order_number,icon,status) VALUES ('000d3738a7f111e7b780000c2909b055','','resourceFormat','0309','sysbase',NULL,'03',9,NULL,1);
insert into sys_dict (id,region_code,category,dict_code,dict_name,dict_desc,parent_code,order_number,icon,status) VALUES ('000fd87ba7f111e7b780000c2909b055','','resourceFormat','0310','mysql',NULL,'03',10,NULL,1);
insert into sys_dict (id,region_code,category,dict_code,dict_name,dict_desc,parent_code,order_number,icon,status) VALUES ('0011ffb2a7f111e7b780000c2909b055','','resourceFormat','0311','其他',NULL,'03',11,NULL,1);
insert into sys_dict (id,region_code,category,dict_code,dict_name,dict_desc,parent_code,order_number,icon,status) VALUES ('0016c897a7f111e7b780000c2909b055','','resourceFormat','0401','bmp',NULL,'04',1,NULL,1);
insert into sys_dict (id,region_code,category,dict_code,dict_name,dict_desc,parent_code,order_number,icon,status) VALUES ('00196184a7f111e7b780000c2909b055','','resourceFormat','0402','gif',NULL,'04',2,NULL,1);
insert into sys_dict (id,region_code,category,dict_code,dict_name,dict_desc,parent_code,order_number,icon,status) VALUES ('001bc9e5a7f111e7b780000c2909b055','','resourceFormat','0403','jpg',NULL,'04',3,NULL,1);
insert into sys_dict (id,region_code,category,dict_code,dict_name,dict_desc,parent_code,order_number,icon,status) VALUES ('001ec0a9a7f111e7b780000c2909b055','','resourceFormat','0404','其他',NULL,'04',4,NULL,1);
insert into sys_dict (id,region_code,category,dict_code,dict_name,dict_desc,parent_code,order_number,icon,status) VALUES ('00252c4fa7f111e7b780000c2909b055','','resourceFormat','0501','mpg',NULL,'05',1,NULL,1);
insert into sys_dict (id,region_code,category,dict_code,dict_name,dict_desc,parent_code,order_number,icon,status) VALUES ('0027ef43a7f111e7b780000c2909b055','','resourceFormat','0501','rm',NULL,'05',2,NULL,1);
insert into sys_dict (id,region_code,category,dict_code,dict_name,dict_desc,parent_code,order_number,icon,status) VALUES ('002a725ca7f111e7b780000c2909b055','','resourceFormat','0503','swf',NULL,'05',3,NULL,1);
insert into sys_dict (id,region_code,category,dict_code,dict_name,dict_desc,parent_code,order_number,icon,status) VALUES ('002cbe66a7f111e7b780000c2909b055','','resourceFormat','0504','其他',NULL,'05',4,NULL,1);
insert into sys_dict (id,region_code,category,dict_code,dict_name,dict_desc,parent_code,order_number,icon,status) VALUES ('0031f03aa7f111e7b780000c2909b055','','resourceFormat','0601','表格驱动码',NULL,'06',1,NULL,1);
insert into sys_dict (id,region_code,category,dict_code,dict_name,dict_desc,parent_code,order_number,icon,status) VALUES ('0034847fa7f111e7b780000c2909b055','','resourceFormat','0602','其他',NULL,'06',2,NULL,1);

insert into `sys_dict`(id,region_code,category,dict_code,dict_name,dict_desc,parent_code,order_number,status,create_user_id,create_time,update_user_id,update_time,delete_flag) values(REPLACE(uuid(),'-',''), '', 'dataSetSourceType', '1', '自定义添加', null, null, null, '1', null, now(), null, null, '0');
insert into `sys_dict`(id,region_code,category,dict_code,dict_name,dict_desc,parent_code,order_number,status,create_user_id,create_time,update_user_id,update_time,delete_flag) values(REPLACE(uuid(),'-',''), '', 'dataSetSourceType', '2', '系统梳理添加', null, null, null, '1', null, now(), null, null, '0');
insert into `sys_dict`(id,region_code,category,dict_code,dict_name,dict_desc,parent_code,order_number,status,create_user_id,create_time,update_user_id,update_time,delete_flag) values(REPLACE(uuid(),'-',''), '', 'dataSetSourceType', '3', '资源梳理添加', null, null, null, '1', null, now(), null, null, '0');
insert into `sys_dict`(id,region_code,category,dict_code,dict_name,dict_desc,parent_code,order_number,status,create_user_id,create_time,update_user_id,update_time,delete_flag) values(REPLACE(uuid(),'-',''), '', 'dataSetSourceType', '4', '爬虫系统添加', null, null, null, '1', null, now(), null, null, '0');
insert into `sys_dict`(id,region_code,category,dict_code,dict_name,dict_desc,parent_code,order_number,status,create_user_id,create_time,update_user_id,update_time,delete_flag) values(REPLACE(uuid(),'-',''), '', 'dataSetSourceType', '5', '采集系统添加', null, null, null, '1', null, now(), null, null, '0');


  -- 行政区划相关初始化数据
  -- 行政区划版本表
  delete from sys_region_version;
  insert into sys_region_version(id,version_code) values ('1','v1.0');
  -- 行政区划级别表
  delete from sys_region_level;
  insert into sys_region_level (region_level_code,region_level_name,region_level_value) values ('10','国家级','1');
  insert into sys_region_level (region_level_code,region_level_name,region_level_value) values ('20','省、自治区、直辖市以及特别行政区级','2');
  insert into sys_region_level (region_level_code,region_level_name,region_level_value) values ('21','省','2');
  insert into sys_region_level (region_level_code,region_level_name,region_level_value) values ('22','自治区','2');
  insert into sys_region_level (region_level_code,region_level_name,region_level_value) values ('23','直辖市','2');
  insert into sys_region_level (region_level_code,region_level_name,region_level_value) values ('24','特别行政区','2');
  insert into sys_region_level (region_level_code,region_level_name,region_level_value) values ('30','副省级','3');
  insert into sys_region_level (region_level_code,region_level_name,region_level_value) values ('31','副省级省会城市','3');
  insert into sys_region_level (region_level_code,region_level_name,region_level_value) values ('32','计划单列市','3');
  insert into sys_region_level (region_level_code,region_level_name,region_level_value) values ('40','市、自治州级','4');
  insert into sys_region_level (region_level_code,region_level_name,region_level_value) values ('41','地级市','4');
  insert into sys_region_level (region_level_code,region_level_name,region_level_value) values ('42','自治州','4');
  insert into sys_region_level (region_level_code,region_level_name,region_level_value) values ('50','区、县级市、县级','5');
  insert into sys_region_level (region_level_code,region_level_name,region_level_value) values ('51','区','5');
  insert into sys_region_level (region_level_code,region_level_name,region_level_value) values ('52','县级市','5');
  insert into sys_region_level (region_level_code,region_level_name,region_level_value) values ('53','县','5');
  insert into sys_region_level (region_level_code,region_level_name,region_level_value) values ('60','乡镇（街道）级','6');
  insert into sys_region_level (region_level_code,region_level_name,region_level_value) values ('61','乡','6');
  insert into sys_region_level (region_level_code,region_level_name,region_level_value) values ('62','镇','6');
  insert into sys_region_level (region_level_code,region_level_name,region_level_value) values ('63','街道','6');
  insert into sys_region_level (region_level_code,region_level_name,region_level_value) values ('70','村（社区）级','7');
  insert into sys_region_level (region_level_code,region_level_name,region_level_value) values ('71','村','7');
  insert into sys_region_level (region_level_code,region_level_name,region_level_value) values ('72','社区','7');
  -- 行政区划表

  delete from sys_region;
  INSERT INTO sys_region (id,region_code,region_name,fcode,fname,first_charact,region_level_code,status,version_id)
	values  ('9c0f822c-50cb-11e7-889e-00ffffff0000','510000','四川省','','四川省',null,'21','1','1');
  INSERT INTO sys_region (id,region_code,region_name,fcode,fname,first_charact,region_level_code,status,version_id)
	values  ('9c1f864c-50cb-11e7-889e-00ffffff0000','510100','成都市','510000','四川省',null,'30','1','1');
  INSERT INTO sys_region (id,region_code,region_name,fcode,fname,first_charact,region_level_code,status,version_id)
	values  ('9c36639f-50cb-11e7-889e-00ffffff0000','510104','锦江区','510100','成都市',null,'51','1','1');
  INSERT INTO sys_region (id,region_code,region_name,fcode,fname,first_charact,region_level_code,status,version_id)
	values  ('9c477021-50cb-11e7-889e-00ffffff0000','510105','青羊区','510100','成都市',null,'51','1','1');
  INSERT INTO sys_region (id,region_code,region_name,fcode,fname,first_charact,region_level_code,status,version_id)
	values  ('9c6aa162-50cb-11e7-889e-00ffffff0000','510106','金牛区','510100','成都市',null,'51','1','1');
  INSERT INTO sys_region (id,region_code,region_name,fcode,fname,first_charact,region_level_code,status,version_id)
	values  ('9c7981c4-50cb-11e7-889e-00ffffff0000','510107','武侯区','510100','成都市',null,'51','1','1');
  INSERT INTO sys_region (id,region_code,region_name,fcode,fname,first_charact,region_level_code,status,version_id)
	values  ('9c8a28bf-50cb-11e7-889e-00ffffff0000','510108','成华区','510100','成都市',null,'51','1','1');
  INSERT INTO sys_region (id,region_code,region_name,fcode,fname,first_charact,region_level_code,status,version_id)
	values  ('9c9b9d59-50cb-11e7-889e-00ffffff0000','510112','龙泉驿区','510100','成都市',null,'51','1','1');
  INSERT INTO sys_region (id,region_code,region_name,fcode,fname,first_charact,region_level_code,status,version_id)
	values  ('9cac22fb-50cb-11e7-889e-00ffffff0000','510113','青白江区','510100','成都市',null,'51','1','1');
  INSERT INTO sys_region (id,region_code,region_name,fcode,fname,first_charact,region_level_code,status,version_id)
	values  ('9cbcb035-50cb-11e7-889e-00ffffff0000','510114','新都区','510100','成都市',null,'51','1','1');
  INSERT INTO sys_region (id,region_code,region_name,fcode,fname,first_charact,region_level_code,status,version_id)
	values  ('9ccad4b5-50cb-11e7-889e-00ffffff0000','510115','温江区','510100','成都市',null,'51','1','1');
  INSERT INTO sys_region (id,region_code,region_name,fcode,fname,first_charact,region_level_code,status,version_id)
	values  ('9cd28292-50cb-11e7-889e-00ffffff0000','510116','双流区','510100','成都市',null,'51','1','1');
  INSERT INTO sys_region (id,region_code,region_name,fcode,fname,first_charact,region_level_code,status,version_id)
	values  ('9ce2bfaf-50cb-11e7-889e-00ffffff0000','510121','金堂县','510100','成都市',null,'53','1','1');
  INSERT INTO sys_region (id,region_code,region_name,fcode,fname,first_charact,region_level_code,status,version_id)
	values  ('9cee6f0c-50cb-11e7-889e-00ffffff0000','510124','郫县','510100','成都市',null,'53','1','1');
  INSERT INTO sys_region (id,region_code,region_name,fcode,fname,first_charact,region_level_code,status,version_id)
	values  ('9cf6856e-50cb-11e7-889e-00ffffff0000','510129','大邑县','510100','成都市',null,'53','1','1');
  INSERT INTO sys_region (id,region_code,region_name,fcode,fname,first_charact,region_level_code,status,version_id)
	values  ('9d028903-50cb-11e7-889e-00ffffff0000','510131','蒲江县','510100','成都市',null,'53','1','1');
  INSERT INTO sys_region (id,region_code,region_name,fcode,fname,first_charact,region_level_code,status,version_id)
	values  ('9d0cdb08-50cb-11e7-889e-00ffffff0000','510132','新津县','510100','成都市',null,'53','1','1');
  INSERT INTO sys_region (id,region_code,region_name,fcode,fname,first_charact,region_level_code,status,version_id)
	values  ('9d201580-50cb-11e7-889e-00ffffff0000','510181','都江堰市','510100','成都市',null,'52','1','1');
  INSERT INTO sys_region (id,region_code,region_name,fcode,fname,first_charact,region_level_code,status,version_id)
	values  ('9d2b1975-50cb-11e7-889e-00ffffff0000','510182','彭州市','510100','成都市',null,'52','1','1');
  INSERT INTO sys_region (id,region_code,region_name,fcode,fname,first_charact,region_level_code,status,version_id)
	values  ('9d36fdee-50cb-11e7-889e-00ffffff0000','510183','邛崃市','510100','成都市',null,'52','1','1');
  INSERT INTO sys_region (id,region_code,region_name,fcode,fname,first_charact,region_level_code,status,version_id)
	values  ('9d410bea-50cb-11e7-889e-00ffffff0000','510184','崇州市','510100','成都市',null,'52','1','1');
  INSERT INTO sys_region (id,region_code,region_name,fcode,fname,first_charact,region_level_code,status,version_id)
	values  ('9d4aee39-50cb-11e7-889e-00ffffff0000','510185','简阳市','510100','成都市',null,'52','1','1');


  -- 基础部门模板表
  delete from sys_dept_category_template;
  INSERT INTO sys_dept_category_template (ID,category_code,category_name,fullname_template,shortname_template,apply_min_level,apply_max_level) VALUES ('39e27000-50d3-11e7-889e-00ffffff0000','A','党委','中国共产党XX委员会','XX党委',6,2);
  INSERT INTO sys_dept_category_template (ID,category_code,category_name,fullname_template,shortname_template,apply_min_level,apply_max_level) VALUES ('39fbde80-50d3-11e7-889e-00ffffff0000','B','人大','XX人民代表大会常务委员会','XX人大',5,2);
  INSERT INTO sys_dept_category_template (ID,category_code,category_name,fullname_template,shortname_template,apply_min_level,apply_max_level) VALUES ('3a0f0d6f-50d3-11e7-889e-00ffffff0000','C','政府','XX人民政府','XX政府',6,2);
  INSERT INTO sys_dept_category_template (ID,category_code,category_name,fullname_template,shortname_template,apply_min_level,apply_max_level) VALUES ('3a442a08-50d3-11e7-889e-00ffffff0000','D','政协','中国人民政治协商会议XX委员会','XX政协',5,2);
  INSERT INTO sys_dept_category_template (ID,category_code,category_name,fullname_template,shortname_template,apply_min_level,apply_max_level) VALUES ('3a5c7e00-50d3-11e7-889e-00ffffff0000','E','法院','XX人民法院','XX人民法院',5,2);
  INSERT INTO sys_dept_category_template (ID,category_code,category_name,fullname_template,shortname_template,apply_min_level,apply_max_level) VALUES ('3a75d344-50d3-11e7-889e-00ffffff0000','F','检察院','XX人民检察院','XX人民检察院',5,2);


delete from dir_develop_apis; -- SELECT id,region_code,api_name,api_category,'http://' as api_url,parent_id,parent_name,order_number,`status` FROM `dir_develop_apis`
INSERT INTO dir_develop_apis (id,region_code,api_name,api_category,api_url,parent_id,parent_name,order_number,status) VALUES ('0faf5260db5c469983342bdb7ed01d03','510100','目录发布','2','http://','d206f66976bd45aa8790957d3a38f3c4','目录管理',3,'1');
INSERT INTO dir_develop_apis (id,region_code,api_name,api_category,api_url,parent_id,parent_name,order_number,status) VALUES ('0fd90630b41c4e5fadf6eee2a9df8d09','510100','关系梳理','2','http://','7398294e21644085aee30822cb360e34','数据梳理',5,'1');
INSERT INTO dir_develop_apis (id,region_code,api_name,api_category,api_url,parent_id,parent_name,order_number,status) VALUES ('24aafa2d770f43ffba94623ccd486bc5','510100','目录查询','2','http://','d206f66976bd45aa8790957d3a38f3c4','目录管理',4,'1');
INSERT INTO dir_develop_apis (id,region_code,api_name,api_category,api_url,parent_id,parent_name,order_number,status) VALUES ('261d523f2fd64839972ffe06c34bb052','510100','政务数据接入','2','http://','cde3eb957d7c11e782df000c29e0ca25','数据采集',3,'1');
INSERT INTO dir_develop_apis (id,region_code,api_name,api_category,api_url,parent_id,parent_name,order_number,status) VALUES ('2e39de9bbb204e40845605f2ae3958b8','510100','政务数据处理','2','http://','cde4d3be7d7c11e782df000c29e0ca25','数据处理',0,'1');
INSERT INTO dir_develop_apis (id,region_code,api_name,api_category,api_url,parent_id,parent_name,order_number,status) VALUES ('402c2347f777450da99dcee85fa37e50','510100','互联网数据处理','2','http://','cde4d3be7d7c11e782df000c29e0ca25','数据处理',1,'1');
INSERT INTO dir_develop_apis (id,region_code,api_name,api_category,api_url,parent_id,parent_name,order_number,status) VALUES ('4c5610312de64dec86c6695fdbff3a1d','510100','应用系统','2','http://','e911003a1be043fc84d54e365b955714','应用系统梳理',0,'1');
INSERT INTO dir_develop_apis (id,region_code,api_name,api_category,api_url,parent_id,parent_name,order_number,status) VALUES ('53c025fcb2c9484da23c881a5efd1656','510100','政务数据采集','2','http://','cde3eb957d7c11e782df000c29e0ca25','数据采集',0,'1');
INSERT INTO dir_develop_apis (id,region_code,api_name,api_category,api_url,parent_id,parent_name,order_number,status) VALUES ('59457f6ea5d442bcbc2066bd51d5c671','510100','物联网数据处理','2','http://','cde4d3be7d7c11e782df000c29e0ca25','数据处理',2,'1');
INSERT INTO dir_develop_apis (id,region_code,api_name,api_category,api_url,parent_id,parent_name,order_number,status) VALUES ('5a45b553899b4919953d3d2aace70b82','510100','数据同步','2','http://','e911003a1be043fc84d54e365b955714','应用系统梳理',2,'1');
INSERT INTO dir_develop_apis (id,region_code,api_name,api_category,api_url,parent_id,parent_name,order_number,status) VALUES ('61a9f079900045e4beab836a91e26358','510100','物联网数据采集','2','http://','cde3eb957d7c11e782df000c29e0ca25','数据采集',2,'1');
INSERT INTO dir_develop_apis (id,region_code,api_name,api_category,api_url,parent_id,parent_name,order_number,status) VALUES ('69547e2dc7974d3d9e96d1a6beb31250','510100','服务封装','2','http://','root','root',5,'1');
INSERT INTO dir_develop_apis (id,region_code,api_name,api_category,api_url,parent_id,parent_name,order_number,status) VALUES ('72a085ab2d3241b88f81666cc93fcc3b','510100','基础配置','2','http://','69547e2dc7974d3d9e96d1a6beb31250','服务封装',0,'1');
INSERT INTO dir_develop_apis (id,region_code,api_name,api_category,api_url,parent_id,parent_name,order_number,status) VALUES ('7398294e21644085aee30822cb360e34','510100','资源梳理','2','http://','root','root',3,'1');
INSERT INTO dir_develop_apis (id,region_code,api_name,api_category,api_url,parent_id,parent_name,order_number,status) VALUES ('753966716a5d486cb6defbabe590ec50','510100','业务梳理','2','http://','7398294e21644085aee30822cb360e34','数据梳理',1,'1');
INSERT INTO dir_develop_apis (id,region_code,api_name,api_category,api_url,parent_id,parent_name,order_number,status) VALUES ('7d3d594a62ba40819d33f050bcda1d98','510100','目录编目','2','http://','d206f66976bd45aa8790957d3a38f3c4','目录管理',0,'1');
INSERT INTO dir_develop_apis (id,region_code,api_name,api_category,api_url,parent_id,parent_name,order_number,status) VALUES ('890fa561fbf64b0db5ac63f62554944b','510100','互联网数据采集','2','http://','cde3eb957d7c11e782df000c29e0ca25','数据采集',1,'1');
INSERT INTO dir_develop_apis (id,region_code,api_name,api_category,api_url,parent_id,parent_name,order_number,status) VALUES ('944df775ca004643845629243a4c7663','510100','系统数据库','2','http://','e911003a1be043fc84d54e365b955714','应用系统梳理',1,'1');
INSERT INTO dir_develop_apis (id,region_code,api_name,api_category,api_url,parent_id,parent_name,order_number,status) VALUES ('b56add5807d8494a8aec8446408026a4','510100','服务封装','2','http://','69547e2dc7974d3d9e96d1a6beb31250','服务封装',1,'1');
INSERT INTO dir_develop_apis (id,region_code,api_name,api_category,api_url,parent_id,parent_name,order_number,status) VALUES ('bba61160a86b43be82827f3f7efdf34e','510100','主题分析','2','http://','cde5a67d7d7c11e782df000c29e0ca25','数据分析',0,'1');
INSERT INTO dir_develop_apis (id,region_code,api_name,api_category,api_url,parent_id,parent_name,order_number,status) VALUES ('c4bc853426ac4c9483d2d0682d91e205','510100','目录审核','2','http://','d206f66976bd45aa8790957d3a38f3c4','目录管理',2,'1');
INSERT INTO dir_develop_apis (id,region_code,api_name,api_category,api_url,parent_id,parent_name,order_number,status) VALUES ('c5540ff456924da9b2fc369d6777da2c','510100','信息资源梳理','2','http://','7398294e21644085aee30822cb360e34','数据梳理',2,'1');
INSERT INTO dir_develop_apis (id,region_code,api_name,api_category,api_url,parent_id,parent_name,order_number,status) VALUES ('cde3eb957d7c11e782df000c29e0ca25','510100','数据采集','2','http://','root','root',0,'1');
INSERT INTO dir_develop_apis (id,region_code,api_name,api_category,api_url,parent_id,parent_name,order_number,status) VALUES ('cde4d3be7d7c11e782df000c29e0ca25','510100','数据处理','2','http://','root','root',1,'1');
INSERT INTO dir_develop_apis (id,region_code,api_name,api_category,api_url,parent_id,parent_name,order_number,status) VALUES ('cde5a67d7d7c11e782df000c29e0ca25','510100','数据分析','2','http://','root','root',2,'1');
INSERT INTO dir_develop_apis (id,region_code,api_name,api_category,api_url,parent_id,parent_name,order_number,status) VALUES ('cf3c75782c9348e3bb560dc8ee861c3a','510100','需求梳理','2','http://','7398294e21644085aee30822cb360e34','数据梳理',3,'1');
INSERT INTO dir_develop_apis (id,region_code,api_name,api_category,api_url,parent_id,parent_name,order_number,status) VALUES ('d0f01492324f46f9969dcd1d813e9385','510100','安全生产专题分析','2','http://','cde5a67d7d7c11e782df000c29e0ca25','数据分析',1,'1');
INSERT INTO dir_develop_apis (id,region_code,api_name,api_category,api_url,parent_id,parent_name,order_number,status) VALUES ('d206f66976bd45aa8790957d3a38f3c4','510100','目录管理','2','http://','root','root',4,'1');
INSERT INTO dir_develop_apis (id,region_code,api_name,api_category,api_url,parent_id,parent_name,order_number,status) VALUES ('d980899e3b9b4ca8868735a22edc663f','510100','服务发布','2','http://','69547e2dc7974d3d9e96d1a6beb31250','服务封装',2,'1');
INSERT INTO dir_develop_apis (id,region_code,api_name,api_category,api_url,parent_id,parent_name,order_number,status) VALUES ('e911003a1be043fc84d54e365b955714','510100','应用系统梳理','2','http://','7398294e21644085aee30822cb360e34','数据梳理',4,'1');
INSERT INTO dir_develop_apis (id,region_code,api_name,api_category,api_url,parent_id,parent_name,order_number,status) VALUES ('f0c477d4b2c54eb4826d5bf635ccf4a2','510100','目录注册','2','http://','d206f66976bd45aa8790957d3a38f3c4','目录管理',1,'1');
INSERT INTO dir_develop_apis (id,region_code,api_name,api_category,api_url,parent_id,parent_name,order_number,status) VALUES ('f5e899327a3142d5859d86457ac56646','510100','组织梳理','2','http://','7398294e21644085aee30822cb360e34','数据梳理',0,'1');
INSERT INTO dir_develop_apis (id,region_code,api_name,api_category,api_url,parent_id,parent_name,order_number,status) VALUES ('f8a7afd557ee4534a90213c774525648','510100','个人信用专题分析','2','http://','cde5a67d7d7c11e782df000c29e0ca25','数据分析',2,'1');


delete from sys_region_dept;
--  select id,region_dept_code,region_dept_name,fcode,fname,region_dept_level,structure_code,structure_name,status from sys_region_dept;
INSERT INTO sys_region_dept (id,region_dept_code,region_dept_name,fcode,fname,region_dept_level,structure_code,structure_name,status) VALUES ('c24794acab0f11e7999400ffe04ac734','00000001','外交部','000000','',1,'00000001','外交部','1');
INSERT INTO sys_region_dept (id,region_dept_code,region_dept_name,fcode,fname,region_dept_level,structure_code,structure_name,status) VALUES ('c24ba345ab0f11e7999400ffe04ac734','00000002','国防部','000000','',1,'00000002','国防部','1');
INSERT INTO sys_region_dept (id,region_dept_code,region_dept_name,fcode,fname,region_dept_level,structure_code,structure_name,status) VALUES ('c25009f4ab0f11e7999400ffe04ac734','00000003','国家发展和改革委员会','000000','',1,'00000003','国家发展和改革委员会','1');
INSERT INTO sys_region_dept (id,region_dept_code,region_dept_name,fcode,fname,region_dept_level,structure_code,structure_name,status) VALUES ('c2542238ab0f11e7999400ffe04ac734','00000004','教育部','000000','',1,'00000004','教育部','1');
INSERT INTO sys_region_dept (id,region_dept_code,region_dept_name,fcode,fname,region_dept_level,structure_code,structure_name,status) VALUES ('c2587d01ab0f11e7999400ffe04ac734','00000005','科学技术部','000000','',1,'00000005','科学技术部','1');
INSERT INTO sys_region_dept (id,region_dept_code,region_dept_name,fcode,fname,region_dept_level,structure_code,structure_name,status) VALUES ('c25fe39bab0f11e7999400ffe04ac734','00000006','工业和信息化部','000000','',1,'00000006','工业和信息化部','1');
INSERT INTO sys_region_dept (id,region_dept_code,region_dept_name,fcode,fname,region_dept_level,structure_code,structure_name,status) VALUES ('c266041eab0f11e7999400ffe04ac734','00000007','国家民族事务委员会','000000','',1,'00000007','国家民族事务委员会','1');
INSERT INTO sys_region_dept (id,region_dept_code,region_dept_name,fcode,fname,region_dept_level,structure_code,structure_name,status) VALUES ('c26a1b3aab0f11e7999400ffe04ac734','00000008','公安部','000000','',1,'00000008','公安部','1');
INSERT INTO sys_region_dept (id,region_dept_code,region_dept_name,fcode,fname,region_dept_level,structure_code,structure_name,status) VALUES ('c26e894eab0f11e7999400ffe04ac734','00000009','国家安全部','000000','',1,'00000009','国家安全部','1');
INSERT INTO sys_region_dept (id,region_dept_code,region_dept_name,fcode,fname,region_dept_level,structure_code,structure_name,status) VALUES ('c27287a4ab0f11e7999400ffe04ac734','00000010','监察部','000000','',1,'00000010','监察部','1');
INSERT INTO sys_region_dept (id,region_dept_code,region_dept_name,fcode,fname,region_dept_level,structure_code,structure_name,status) VALUES ('c276f405ab0f11e7999400ffe04ac734','00000011','民政部','000000','',1,'00000011','民政部','1');
INSERT INTO sys_region_dept (id,region_dept_code,region_dept_name,fcode,fname,region_dept_level,structure_code,structure_name,status) VALUES ('c27b09d9ab0f11e7999400ffe04ac734','00000012','司法部','000000','',1,'00000012','司法部','1');
INSERT INTO sys_region_dept (id,region_dept_code,region_dept_name,fcode,fname,region_dept_level,structure_code,structure_name,status) VALUES ('c27f8551ab0f11e7999400ffe04ac734','00000013','财政部','000000','',1,'00000013','财政部','1');
INSERT INTO sys_region_dept (id,region_dept_code,region_dept_name,fcode,fname,region_dept_level,structure_code,structure_name,status) VALUES ('c286ed2fab0f11e7999400ffe04ac734','00000014','人力资源和社会保障部','000000','',1,'00000014','人力资源和社会保障部','1');
INSERT INTO sys_region_dept (id,region_dept_code,region_dept_name,fcode,fname,region_dept_level,structure_code,structure_name,status) VALUES ('c28b4253ab0f11e7999400ffe04ac734','00000015','国土资源部','000000','',1,'00000015','国土资源部','1');
INSERT INTO sys_region_dept (id,region_dept_code,region_dept_name,fcode,fname,region_dept_level,structure_code,structure_name,status) VALUES ('c28f5ab8ab0f11e7999400ffe04ac734','00000016','环境保护部','000000','',1,'00000016','环境保护部','1');
INSERT INTO sys_region_dept (id,region_dept_code,region_dept_name,fcode,fname,region_dept_level,structure_code,structure_name,status) VALUES ('c293af96ab0f11e7999400ffe04ac734','00000017','住房和城乡建设部','000000','',1,'00000017','住房和城乡建设部','1');
INSERT INTO sys_region_dept (id,region_dept_code,region_dept_name,fcode,fname,region_dept_level,structure_code,structure_name,status) VALUES ('c297d976ab0f11e7999400ffe04ac734','00000018','交通运输部','000000','',1,'00000018','交通运输部','1');
INSERT INTO sys_region_dept (id,region_dept_code,region_dept_name,fcode,fname,region_dept_level,structure_code,structure_name,status) VALUES ('c29c2bdcab0f11e7999400ffe04ac734','00000019','水利部','000000','',1,'00000019','水利部','1');
INSERT INTO sys_region_dept (id,region_dept_code,region_dept_name,fcode,fname,region_dept_level,structure_code,structure_name,status) VALUES ('c2a05912ab0f11e7999400ffe04ac734','00000020','农业部','000000','',1,'00000020','农业部','1');
INSERT INTO sys_region_dept (id,region_dept_code,region_dept_name,fcode,fname,region_dept_level,structure_code,structure_name,status) VALUES ('c2a4afa8ab0f11e7999400ffe04ac734','00000021','商务部','000000','',1,'00000021','商务部','1');
INSERT INTO sys_region_dept (id,region_dept_code,region_dept_name,fcode,fname,region_dept_level,structure_code,structure_name,status) VALUES ('c2ac373eab0f11e7999400ffe04ac734','00000022','文化部','000000','',1,'00000022','文化部','1');
INSERT INTO sys_region_dept (id,region_dept_code,region_dept_name,fcode,fname,region_dept_level,structure_code,structure_name,status) VALUES ('c2b3f5eaab0f11e7999400ffe04ac734','00000023','卫生和计划生育委员会','000000','',1,'00000023','卫生和计划生育委员会','1');
INSERT INTO sys_region_dept (id,region_dept_code,region_dept_name,fcode,fname,region_dept_level,structure_code,structure_name,status) VALUES ('c2b7fcc8ab0f11e7999400ffe04ac734','00000024','中国人民银行','000000','',1,'00000024','中国人民银行','1');
INSERT INTO sys_region_dept (id,region_dept_code,region_dept_name,fcode,fname,region_dept_level,structure_code,structure_name,status) VALUES ('c2bc5d53ab0f11e7999400ffe04ac734','00000025','国务院国有资产监督管理委员会','000000','',1,'00000025','国务院国有资产监督管理委员会','1');
INSERT INTO sys_region_dept (id,region_dept_code,region_dept_name,fcode,fname,region_dept_level,structure_code,structure_name,status) VALUES ('c2c067f2ab0f11e7999400ffe04ac734','00000026','海关总署','000000','',1,'00000026','海关总署','1');
INSERT INTO sys_region_dept (id,region_dept_code,region_dept_name,fcode,fname,region_dept_level,structure_code,structure_name,status) VALUES ('c2c4d633ab0f11e7999400ffe04ac734','00000027','税务总局','000000','',1,'00000027','税务总局','1');
INSERT INTO sys_region_dept (id,region_dept_code,region_dept_name,fcode,fname,region_dept_level,structure_code,structure_name,status) VALUES ('c2c8f0efab0f11e7999400ffe04ac734','00000028','工商行政管理总局','000000','',1,'00000028','工商行政管理总局','1');
INSERT INTO sys_region_dept (id,region_dept_code,region_dept_name,fcode,fname,region_dept_level,structure_code,structure_name,status) VALUES ('c2cd4716ab0f11e7999400ffe04ac734','00000029','质量监督检验检疫总局','000000','',1,'00000029','质量监督检验检疫总局','1');
INSERT INTO sys_region_dept (id,region_dept_code,region_dept_name,fcode,fname,region_dept_level,structure_code,structure_name,status) VALUES ('c2d15efcab0f11e7999400ffe04ac734','00000030','国家新闻出版广电总局','000000','',1,'00000030','国家新闻出版广电总局','1');
INSERT INTO sys_region_dept (id,region_dept_code,region_dept_name,fcode,fname,region_dept_level,structure_code,structure_name,status) VALUES ('c2d5bd34ab0f11e7999400ffe04ac734','00000031','国家体育总局','000000','',1,'00000031','国家体育总局','1');
INSERT INTO sys_region_dept (id,region_dept_code,region_dept_name,fcode,fname,region_dept_level,structure_code,structure_name,status) VALUES ('c2d9c912ab0f11e7999400ffe04ac734','00000032','国家安全生产监督管理总局','000000','',1,'00000032','国家安全生产监督管理总局','1');
INSERT INTO sys_region_dept (id,region_dept_code,region_dept_name,fcode,fname,region_dept_level,structure_code,structure_name,status) VALUES ('c2de5c53ab0f11e7999400ffe04ac734','00000033','国家食品药品监督管理总局','000000','',1,'00000033','国家食品药品监督管理总局','1');
INSERT INTO sys_region_dept (id,region_dept_code,region_dept_name,fcode,fname,region_dept_level,structure_code,structure_name,status) VALUES ('c2e25b9bab0f11e7999400ffe04ac734','00000034','国家统计局','000000','',1,'00000034','国家统计局','1');
INSERT INTO sys_region_dept (id,region_dept_code,region_dept_name,fcode,fname,region_dept_level,structure_code,structure_name,status) VALUES ('c2e6a7afab0f11e7999400ffe04ac734','00000035','国家林业局','000000','',1,'00000035','国家林业局','1');
INSERT INTO sys_region_dept (id,region_dept_code,region_dept_name,fcode,fname,region_dept_level,structure_code,structure_name,status) VALUES ('c2eac489ab0f11e7999400ffe04ac734','00000036','国家知识产权局','000000','',1,'00000036','国家知识产权局','1');
INSERT INTO sys_region_dept (id,region_dept_code,region_dept_name,fcode,fname,region_dept_level,structure_code,structure_name,status) VALUES ('c2ef2faeab0f11e7999400ffe04ac734','00000037','国家旅游局','000000','',1,'00000037','国家旅游局','1');
INSERT INTO sys_region_dept (id,region_dept_code,region_dept_name,fcode,fname,region_dept_level,structure_code,structure_name,status) VALUES ('c2f69f91ab0f11e7999400ffe04ac734','00000038','国家宗教事务局','000000','',1,'00000038','国家宗教事务局','1');
INSERT INTO sys_region_dept (id,region_dept_code,region_dept_name,fcode,fname,region_dept_level,structure_code,structure_name,status) VALUES ('c2fcb9e3ab0f11e7999400ffe04ac734','00000039','国务院参事室','000000','',1,'00000039','国务院参事室','1');
INSERT INTO sys_region_dept (id,region_dept_code,region_dept_name,fcode,fname,region_dept_level,structure_code,structure_name,status) VALUES ('c300bb34ab0f11e7999400ffe04ac734','00000040','国家机关事务管理局','000000','',1,'00000040','国家机关事务管理局','1');
INSERT INTO sys_region_dept (id,region_dept_code,region_dept_name,fcode,fname,region_dept_level,structure_code,structure_name,status) VALUES ('c30531ccab0f11e7999400ffe04ac734','00000041','国务院侨务办公室','000000','',1,'00000041','国务院侨务办公室','1');
INSERT INTO sys_region_dept (id,region_dept_code,region_dept_name,fcode,fname,region_dept_level,structure_code,structure_name,status) VALUES ('c30940c7ab0f11e7999400ffe04ac734','00000042','国务院港澳事务办公室','000000','',1,'00000042','国务院港澳事务办公室','1');
INSERT INTO sys_region_dept (id,region_dept_code,region_dept_name,fcode,fname,region_dept_level,structure_code,structure_name,status) VALUES ('c30db7adab0f11e7999400ffe04ac734','00000043','国务院法治办公室','000000','',1,'00000043','国务院法治办公室','1');
INSERT INTO sys_region_dept (id,region_dept_code,region_dept_name,fcode,fname,region_dept_level,structure_code,structure_name,status) VALUES ('c311d0ecab0f11e7999400ffe04ac734','00000044','国务院研究室','000000','',1,'00000044','国务院研究室','1');
INSERT INTO sys_region_dept (id,region_dept_code,region_dept_name,fcode,fname,region_dept_level,structure_code,structure_name,status) VALUES ('c3170eb5ab0f11e7999400ffe04ac734','00000045','新华通讯社','000000','',1,'00000045','新华通讯社','1');
INSERT INTO sys_region_dept (id,region_dept_code,region_dept_name,fcode,fname,region_dept_level,structure_code,structure_name,status) VALUES ('c31d8c5fab0f11e7999400ffe04ac734','00000046','中国科学院','000000','',1,'00000046','中国科学院','1');
INSERT INTO sys_region_dept (id,region_dept_code,region_dept_name,fcode,fname,region_dept_level,structure_code,structure_name,status) VALUES ('c321e695ab0f11e7999400ffe04ac734','00000047','中国社会科学院','000000','',1,'00000047','中国社会科学院','1');
INSERT INTO sys_region_dept (id,region_dept_code,region_dept_name,fcode,fname,region_dept_level,structure_code,structure_name,status) VALUES ('c3260ed2ab0f11e7999400ffe04ac734','00000048','中国工程院','000000','',1,'00000048','中国工程院','1');
INSERT INTO sys_region_dept (id,region_dept_code,region_dept_name,fcode,fname,region_dept_level,structure_code,structure_name,status) VALUES ('c32a6300ab0f11e7999400ffe04ac734','00000049','国务院发展研究中心','000000','',1,'00000049','国务院发展研究中心','1');
INSERT INTO sys_region_dept (id,region_dept_code,region_dept_name,fcode,fname,region_dept_level,structure_code,structure_name,status) VALUES ('c32e7b0fab0f11e7999400ffe04ac734','00000050','国家行政学院','000000','',1,'00000050','国家行政学院','1');
INSERT INTO sys_region_dept (id,region_dept_code,region_dept_name,fcode,fname,region_dept_level,structure_code,structure_name,status) VALUES ('c332cf03ab0f11e7999400ffe04ac734','00000051','中国地震局','000000','',1,'00000051','中国地震局','1');
INSERT INTO sys_region_dept (id,region_dept_code,region_dept_name,fcode,fname,region_dept_level,structure_code,structure_name,status) VALUES ('c336fc3dab0f11e7999400ffe04ac734','00000052','中国气象局','000000','',1,'00000052','中国气象局','1');
INSERT INTO sys_region_dept (id,region_dept_code,region_dept_name,fcode,fname,region_dept_level,structure_code,structure_name,status) VALUES ('c33b59e9ab0f11e7999400ffe04ac734','00000053','中国银行监督管理委员会','000000','',1,'00000053','中国银行监督管理委员会','1');
INSERT INTO sys_region_dept (id,region_dept_code,region_dept_name,fcode,fname,region_dept_level,structure_code,structure_name,status) VALUES ('c33f704dab0f11e7999400ffe04ac734','00000054','中国证券监督管理委员会','000000','',1,'00000054','中国证券监督管理委员会','1');
INSERT INTO sys_region_dept (id,region_dept_code,region_dept_name,fcode,fname,region_dept_level,structure_code,structure_name,status) VALUES ('c3457a85ab0f11e7999400ffe04ac734','00000055','中国保险监督管理委员会','000000','',1,'00000055','中国保险监督管理委员会','1');
INSERT INTO sys_region_dept (id,region_dept_code,region_dept_name,fcode,fname,region_dept_level,structure_code,structure_name,status) VALUES ('c3498a00ab0f11e7999400ffe04ac734','00000056','全国社会保障基金理事会','000000','',1,'00000056','全国社会保障基金理事会','1');
INSERT INTO sys_region_dept (id,region_dept_code,region_dept_name,fcode,fname,region_dept_level,structure_code,structure_name,status) VALUES ('c357149bab0f11e7999400ffe04ac734','00000057','自然科学基金委员会','000000','',1,'00000057','自然科学基金委员会','1');
INSERT INTO sys_region_dept (id,region_dept_code,region_dept_name,fcode,fname,region_dept_level,structure_code,structure_name,status) VALUES ('c35b7fccab0f11e7999400ffe04ac734','00000058','信访局','000000','',1,'00000058','信访局','1');
INSERT INTO sys_region_dept (id,region_dept_code,region_dept_name,fcode,fname,region_dept_level,structure_code,structure_name,status) VALUES ('c3612877ab0f11e7999400ffe04ac734','00000059','粮食局','000000','',1,'00000059','粮食局','1');
INSERT INTO sys_region_dept (id,region_dept_code,region_dept_name,fcode,fname,region_dept_level,structure_code,structure_name,status) VALUES ('c3674a7cab0f11e7999400ffe04ac734','00000060','能源局','000000','',1,'00000060','能源局','1');
INSERT INTO sys_region_dept (id,region_dept_code,region_dept_name,fcode,fname,region_dept_level,structure_code,structure_name,status) VALUES ('c36b62a3ab0f11e7999400ffe04ac734','00000061','国防科技工业局','000000','',1,'00000061','国防科技工业局','1');
INSERT INTO sys_region_dept (id,region_dept_code,region_dept_name,fcode,fname,region_dept_level,structure_code,structure_name,status) VALUES ('c36fccc9ab0f11e7999400ffe04ac734','00000062','烟草专卖局','000000','',1,'00000062','烟草专卖局','1');
INSERT INTO sys_region_dept (id,region_dept_code,region_dept_name,fcode,fname,region_dept_level,structure_code,structure_name,status) VALUES ('c373eab7ab0f11e7999400ffe04ac734','00000063','外国专家局','000000','',1,'00000063','外国专家局','1');
INSERT INTO sys_region_dept (id,region_dept_code,region_dept_name,fcode,fname,region_dept_level,structure_code,structure_name,status) VALUES ('c3785078ab0f11e7999400ffe04ac734','00000064','国家公务员局','000000','',1,'00000064','国家公务员局','1');
INSERT INTO sys_region_dept (id,region_dept_code,region_dept_name,fcode,fname,region_dept_level,structure_code,structure_name,status) VALUES ('c37c606eab0f11e7999400ffe04ac734','00000065','海洋局','000000','',1,'00000065','海洋局','1');
INSERT INTO sys_region_dept (id,region_dept_code,region_dept_name,fcode,fname,region_dept_level,structure_code,structure_name,status) VALUES ('c380af49ab0f11e7999400ffe04ac734','00000066','测绘地理信息局','000000','',1,'00000066','测绘地理信息局','1');
INSERT INTO sys_region_dept (id,region_dept_code,region_dept_name,fcode,fname,region_dept_level,structure_code,structure_name,status) VALUES ('c3868799ab0f11e7999400ffe04ac734','00000067','铁路局','000000','',1,'00000067','铁路局','1');
INSERT INTO sys_region_dept (id,region_dept_code,region_dept_name,fcode,fname,region_dept_level,structure_code,structure_name,status) VALUES ('c38ad5bbab0f11e7999400ffe04ac734','00000068','中国民用航空局','000000','',1,'00000068','中国民用航空局','1');
INSERT INTO sys_region_dept (id,region_dept_code,region_dept_name,fcode,fname,region_dept_level,structure_code,structure_name,status) VALUES ('c38f011dab0f11e7999400ffe04ac734','00000069','国家邮政局','000000','',1,'00000069','国家邮政局','1');
INSERT INTO sys_region_dept (id,region_dept_code,region_dept_name,fcode,fname,region_dept_level,structure_code,structure_name,status) VALUES ('c3935b3eab0f11e7999400ffe04ac734','00000070','国家文物局','000000','',1,'00000070','国家文物局','1');
INSERT INTO sys_region_dept (id,region_dept_code,region_dept_name,fcode,fname,region_dept_level,structure_code,structure_name,status) VALUES ('c39777caab0f11e7999400ffe04ac734','00000071','中医药管理局','000000','',1,'00000071','中医药管理局','1');
INSERT INTO sys_region_dept (id,region_dept_code,region_dept_name,fcode,fname,region_dept_level,structure_code,structure_name,status) VALUES ('c39bcd65ab0f11e7999400ffe04ac734','00000072','外汇管理局','000000','',1,'00000072','外汇管理局','1');
INSERT INTO sys_region_dept (id,region_dept_code,region_dept_name,fcode,fname,region_dept_level,structure_code,structure_name,status) VALUES ('c39fee0cab0f11e7999400ffe04ac734','00000073','煤矿安全监察局','000000','',1,'00000073','煤矿安全监察局','1');
INSERT INTO sys_region_dept (id,region_dept_code,region_dept_name,fcode,fname,region_dept_level,structure_code,structure_name,status) VALUES ('c3a438feab0f11e7999400ffe04ac734','110000','北京市','000000','',1,'110000','北京市','1');
INSERT INTO sys_region_dept (id,region_dept_code,region_dept_name,fcode,fname,region_dept_level,structure_code,structure_name,status) VALUES ('c3a864fbab0f11e7999400ffe04ac734','120000','天津市','000000','',1,'120000','天津市','1');
INSERT INTO sys_region_dept (id,region_dept_code,region_dept_name,fcode,fname,region_dept_level,structure_code,structure_name,status) VALUES ('c3ae6511ab0f11e7999400ffe04ac734','130000','河北省','000000','',1,'130000','河北省','1');
INSERT INTO sys_region_dept (id,region_dept_code,region_dept_name,fcode,fname,region_dept_level,structure_code,structure_name,status) VALUES ('c3b28ef9ab0f11e7999400ffe04ac734','140000','山西省','000000','',1,'140000','山西省','1');
INSERT INTO sys_region_dept (id,region_dept_code,region_dept_name,fcode,fname,region_dept_level,structure_code,structure_name,status) VALUES ('c3c00c76ab0f11e7999400ffe04ac734','150000','内蒙古自治区','000000','',1,'150000','内蒙古自治区','1');
INSERT INTO sys_region_dept (id,region_dept_code,region_dept_name,fcode,fname,region_dept_level,structure_code,structure_name,status) VALUES ('c3c478b2ab0f11e7999400ffe04ac734','210000','辽宁省','000000','',1,'210000','辽宁省','1');
INSERT INTO sys_region_dept (id,region_dept_code,region_dept_name,fcode,fname,region_dept_level,structure_code,structure_name,status) VALUES ('c3c89383ab0f11e7999400ffe04ac734','220000','吉林省','000000','',1,'220000','吉林省','1');
INSERT INTO sys_region_dept (id,region_dept_code,region_dept_name,fcode,fname,region_dept_level,structure_code,structure_name,status) VALUES ('c3ccdeebab0f11e7999400ffe04ac734','230000','黑龙江省','000000','',1,'230000','黑龙江省','1');
INSERT INTO sys_region_dept (id,region_dept_code,region_dept_name,fcode,fname,region_dept_level,structure_code,structure_name,status) VALUES ('c3d489eeab0f11e7999400ffe04ac734','310000','上海市','000000','',1,'310000','上海市','1');
INSERT INTO sys_region_dept (id,region_dept_code,region_dept_name,fcode,fname,region_dept_level,structure_code,structure_name,status) VALUES ('c3d8dbfaab0f11e7999400ffe04ac734','320000','江苏省','000000','',1,'320000','江苏省','1');
INSERT INTO sys_region_dept (id,region_dept_code,region_dept_name,fcode,fname,region_dept_level,structure_code,structure_name,status) VALUES ('c3dcebe7ab0f11e7999400ffe04ac734','330000','浙江省','000000','',1,'330000','浙江省','1');
INSERT INTO sys_region_dept (id,region_dept_code,region_dept_name,fcode,fname,region_dept_level,structure_code,structure_name,status) VALUES ('c3e1483bab0f11e7999400ffe04ac734','340000','安徽省','000000','',1,'340000','安徽省','1');
INSERT INTO sys_region_dept (id,region_dept_code,region_dept_name,fcode,fname,region_dept_level,structure_code,structure_name,status) VALUES ('c3e57579ab0f11e7999400ffe04ac734','350000','福建省','000000','',1,'350000','福建省','1');
INSERT INTO sys_region_dept (id,region_dept_code,region_dept_name,fcode,fname,region_dept_level,structure_code,structure_name,status) VALUES ('c3e9c397ab0f11e7999400ffe04ac734','360000','江西省','000000','',1,'360000','江西省','1');
INSERT INTO sys_region_dept (id,region_dept_code,region_dept_name,fcode,fname,region_dept_level,structure_code,structure_name,status) VALUES ('c3eded31ab0f11e7999400ffe04ac734','370000','山东省','000000','',1,'370000','山东省','1');
INSERT INTO sys_region_dept (id,region_dept_code,region_dept_name,fcode,fname,region_dept_level,structure_code,structure_name,status) VALUES ('c3f66166ab0f11e7999400ffe04ac734','410000','河南省','000000','',1,'410000','河南省','1');
INSERT INTO sys_region_dept (id,region_dept_code,region_dept_name,fcode,fname,region_dept_level,structure_code,structure_name,status) VALUES ('c3fafa57ab0f11e7999400ffe04ac734','420000','湖北省','000000','',1,'420000','湖北省','1');
INSERT INTO sys_region_dept (id,region_dept_code,region_dept_name,fcode,fname,region_dept_level,structure_code,structure_name,status) VALUES ('c3fea950ab0f11e7999400ffe04ac734','430000','湖南省','000000','',1,'430000','湖南省','1');
INSERT INTO sys_region_dept (id,region_dept_code,region_dept_name,fcode,fname,region_dept_level,structure_code,structure_name,status) VALUES ('c404c2b0ab0f11e7999400ffe04ac734','440000','广东省','000000','',1,'440000','广东省','1');
INSERT INTO sys_region_dept (id,region_dept_code,region_dept_name,fcode,fname,region_dept_level,structure_code,structure_name,status) VALUES ('c408d917ab0f11e7999400ffe04ac734','450000','广西壮族自治区','000000','',1,'450000','广西壮族自治区','1');
INSERT INTO sys_region_dept (id,region_dept_code,region_dept_name,fcode,fname,region_dept_level,structure_code,structure_name,status) VALUES ('c40d4176ab0f11e7999400ffe04ac734','460000','海南省','000000','',1,'460000','海南省','1');
INSERT INTO sys_region_dept (id,region_dept_code,region_dept_name,fcode,fname,region_dept_level,structure_code,structure_name,status) VALUES ('c4114739ab0f11e7999400ffe04ac734','500000','重庆市','000000','',1,'500000','重庆市','1');
INSERT INTO sys_region_dept (id,region_dept_code,region_dept_name,fcode,fname,region_dept_level,structure_code,structure_name,status) VALUES ('c415bcdaab0f11e7999400ffe04ac734','520000','贵州省','000000','',1,'520000','贵州省','1');
INSERT INTO sys_region_dept (id,region_dept_code,region_dept_name,fcode,fname,region_dept_level,structure_code,structure_name,status) VALUES ('c419c8b9ab0f11e7999400ffe04ac734','530000','云南省','000000','',1,'530000','云南省','1');
INSERT INTO sys_region_dept (id,region_dept_code,region_dept_name,fcode,fname,region_dept_level,structure_code,structure_name,status) VALUES ('c41e19d7ab0f11e7999400ffe04ac734','540000','西藏自治区','000000','',1,'540000','西藏自治区','1');
INSERT INTO sys_region_dept (id,region_dept_code,region_dept_name,fcode,fname,region_dept_level,structure_code,structure_name,status) VALUES ('c4223ce2ab0f11e7999400ffe04ac734','610000','陕西省','000000','',1,'610000','陕西省','1');
INSERT INTO sys_region_dept (id,region_dept_code,region_dept_name,fcode,fname,region_dept_level,structure_code,structure_name,status) VALUES ('c4269993ab0f11e7999400ffe04ac734','620000','甘肃省','000000','',1,'620000','甘肃省','1');
INSERT INTO sys_region_dept (id,region_dept_code,region_dept_name,fcode,fname,region_dept_level,structure_code,structure_name,status) VALUES ('c42ab98aab0f11e7999400ffe04ac734','630000','青海省','000000','',1,'630000','青海省','1');
INSERT INTO sys_region_dept (id,region_dept_code,region_dept_name,fcode,fname,region_dept_level,structure_code,structure_name,status) VALUES ('c42f2063ab0f11e7999400ffe04ac734','640000','宁夏回族自治区','000000','',1,'640000','宁夏回族自治区','1');
INSERT INTO sys_region_dept (id,region_dept_code,region_dept_name,fcode,fname,region_dept_level,structure_code,structure_name,status) VALUES ('c4333a25ab0f11e7999400ffe04ac734','650000','新疆维吾尔自治区','000000','',1,'650000','新疆维吾尔自治区','1');
INSERT INTO sys_region_dept (id,region_dept_code,region_dept_name,fcode,fname,region_dept_level,structure_code,structure_name,status) VALUES ('c43788dfab0f11e7999400ffe04ac734','710000','台湾省','000000','',1,'710000','台湾省','1');
INSERT INTO sys_region_dept (id,region_dept_code,region_dept_name,fcode,fname,region_dept_level,structure_code,structure_name,status) VALUES ('c43d5446ab0f11e7999400ffe04ac734','810000','香港特别行政区','000000','',1,'810000','香港特别行政区','1');
INSERT INTO sys_region_dept (id,region_dept_code,region_dept_name,fcode,fname,region_dept_level,structure_code,structure_name,status) VALUES ('c441bffbab0f11e7999400ffe04ac734','820000','澳门特别行政区','000000','',1,'820000','澳门特别行政区','1');
INSERT INTO sys_region_dept (id,region_dept_code,region_dept_name,fcode,fname,region_dept_level,structure_code,structure_name,status) VALUES ('c445d677ab0f11e7999400ffe04ac734','510000','四川省','000000','',1,'510000','四川省','1');
INSERT INTO sys_region_dept (id,region_dept_code,region_dept_name,fcode,fname,region_dept_level,structure_code,structure_name,status) VALUES ('c44ff011ab0f11e7999400ffe04ac734','510100','成都市','510000','',2,'510000;510100','四川省->成都市','1');
INSERT INTO sys_region_dept (id,region_dept_code,region_dept_name,fcode,fname,region_dept_level,structure_code,structure_name,status) VALUES ('c4586708ab0f11e7999400ffe04ac734','510100-C-001-022','市人民政府应急管理办公室','510100','',3,'510000;510100;510100-C-001-022','四川省->成都市->市人民政府应急管理办公室','1');
INSERT INTO sys_region_dept (id,region_dept_code,region_dept_name,fcode,fname,region_dept_level,structure_code,structure_name,status) VALUES ('c4628e6dab0f11e7999400ffe04ac734','510100-C-002','市发展和改革委员会','510100','',3,'510000;510100;510100-C-002','四川省->成都市->市发展和改革委员会','1');
INSERT INTO sys_region_dept (id,region_dept_code,region_dept_name,fcode,fname,region_dept_level,structure_code,structure_name,status) VALUES ('c46b1892ab0f11e7999400ffe04ac734','510100-C-003','市经济和信息化委员会','510100','',3,'510000;510100;510100-C-003','四川省->成都市->市经济和信息化委员会','1');
INSERT INTO sys_region_dept (id,region_dept_code,region_dept_name,fcode,fname,region_dept_level,structure_code,structure_name,status) VALUES ('c46f6511ab0f11e7999400ffe04ac734','510100-C-004','市教育局','510100','',3,'510000;510100;510100-C-004','四川省->成都市->市教育局','1');
INSERT INTO sys_region_dept (id,region_dept_code,region_dept_name,fcode,fname,region_dept_level,structure_code,structure_name,status) VALUES ('c473895dab0f11e7999400ffe04ac734','510100-C-005','市科学技术局','510100','',3,'510000;510100;510100-C-005','四川省->成都市->市科学技术局','1');
INSERT INTO sys_region_dept (id,region_dept_code,region_dept_name,fcode,fname,region_dept_level,structure_code,structure_name,status) VALUES ('c477d668ab0f11e7999400ffe04ac734','510100-C-006','市民族宗教事务局','510100','',3,'510000;510100;510100-C-006','四川省->成都市->市民族宗教事务局','1');
INSERT INTO sys_region_dept (id,region_dept_code,region_dept_name,fcode,fname,region_dept_level,structure_code,structure_name,status) VALUES ('c47bff3dab0f11e7999400ffe04ac734','510100-C-007','市公安局','510100','',3,'510000;510100;510100-C-007','四川省->成都市->市公安局','1');
INSERT INTO sys_region_dept (id,region_dept_code,region_dept_name,fcode,fname,region_dept_level,structure_code,structure_name,status) VALUES ('c4805278ab0f11e7999400ffe04ac734','510100-C-008','市监察局','510100','',3,'510000;510100;510100-C-008','四川省->成都市->市监察局','1');
INSERT INTO sys_region_dept (id,region_dept_code,region_dept_name,fcode,fname,region_dept_level,structure_code,structure_name,status) VALUES ('c4861edaab0f11e7999400ffe04ac734','510100-C-009','市民政局','510100','',3,'510000;510100;510100-C-009','四川省->成都市->市民政局','1');
INSERT INTO sys_region_dept (id,region_dept_code,region_dept_name,fcode,fname,region_dept_level,structure_code,structure_name,status) VALUES ('c48a8720ab0f11e7999400ffe04ac734','510100-C-010','市司法局','510100','',3,'510000;510100;510100-C-010','四川省->成都市->市司法局','1');
INSERT INTO sys_region_dept (id,region_dept_code,region_dept_name,fcode,fname,region_dept_level,structure_code,structure_name,status) VALUES ('c48e8e81ab0f11e7999400ffe04ac734','510100-C-011','市财政局','510100','',3,'510000;510100;510100-C-011','四川省->成都市->市财政局','1');
INSERT INTO sys_region_dept (id,region_dept_code,region_dept_name,fcode,fname,region_dept_level,structure_code,structure_name,status) VALUES ('c492f350ab0f11e7999400ffe04ac734','510100-C-012','市人力资源和社会保障局','510100','',3,'510000;510100;510100-C-012','四川省->成都市->市人力资源和社会保障局','1');
INSERT INTO sys_region_dept (id,region_dept_code,region_dept_name,fcode,fname,region_dept_level,structure_code,structure_name,status) VALUES ('c4970e90ab0f11e7999400ffe04ac734','510100-C-013','市国土资源局','510100','',3,'510000;510100;510100-C-013','四川省->成都市->市国土资源局','1');
INSERT INTO sys_region_dept (id,region_dept_code,region_dept_name,fcode,fname,region_dept_level,structure_code,structure_name,status) VALUES ('c49b7517ab0f11e7999400ffe04ac734','510100-C-014','市环境保护局','510100','',3,'510000;510100;510100-C-014','四川省->成都市->市环境保护局','1');
INSERT INTO sys_region_dept (id,region_dept_code,region_dept_name,fcode,fname,region_dept_level,structure_code,structure_name,status) VALUES ('c49f86c3ab0f11e7999400ffe04ac734','510100-C-015','市城乡建设委员会','510100','',3,'510000;510100;510100-C-015','四川省->成都市->市城乡建设委员会','1');
INSERT INTO sys_region_dept (id,region_dept_code,region_dept_name,fcode,fname,region_dept_level,structure_code,structure_name,status) VALUES ('c4a3e09fab0f11e7999400ffe04ac734','510100-C-016','市规划管理局','510100','',3,'510000;510100;510100-C-016','四川省->成都市->市规划管理局','1');
INSERT INTO sys_region_dept (id,region_dept_code,region_dept_name,fcode,fname,region_dept_level,structure_code,structure_name,status) VALUES ('c4a7fd68ab0f11e7999400ffe04ac734','510100-C-017','市城乡房产管理局','510100','',3,'510000;510100;510100-C-017','四川省->成都市->市城乡房产管理局','1');
INSERT INTO sys_region_dept (id,region_dept_code,region_dept_name,fcode,fname,region_dept_level,structure_code,structure_name,status) VALUES ('c4ac63e2ab0f11e7999400ffe04ac734','510100-C-018','市城市管理委员会','510100','',3,'510000;510100;510100-C-018','四川省->成都市->市城市管理委员会','1');
INSERT INTO sys_region_dept (id,region_dept_code,region_dept_name,fcode,fname,region_dept_level,structure_code,structure_name,status) VALUES ('c4b06a31ab0f11e7999400ffe04ac734','510100-C-019','市交通运输委员会','510100','',3,'510000;510100;510100-C-019','四川省->成都市->市交通运输委员会','1');
INSERT INTO sys_region_dept (id,region_dept_code,region_dept_name,fcode,fname,region_dept_level,structure_code,structure_name,status) VALUES ('c4b4d08eab0f11e7999400ffe04ac734','510100-C-020','市口岸与物流办公室','510100','',3,'510000;510100;510100-C-020','四川省->成都市->市口岸与物流办公室','1');
INSERT INTO sys_region_dept (id,region_dept_code,region_dept_name,fcode,fname,region_dept_level,structure_code,structure_name,status) VALUES ('c4b8edf4ab0f11e7999400ffe04ac734','510100-C-021','市水务局','510100','',3,'510000;510100;510100-C-021','四川省->成都市->市水务局','1');
INSERT INTO sys_region_dept (id,region_dept_code,region_dept_name,fcode,fname,region_dept_level,structure_code,structure_name,status) VALUES ('c4bd4cf9ab0f11e7999400ffe04ac734','510100-C-022','市农业委员会','510100','',3,'510000;510100;510100-C-022','四川省->成都市->市农业委员会','1');
INSERT INTO sys_region_dept (id,region_dept_code,region_dept_name,fcode,fname,region_dept_level,structure_code,structure_name,status) VALUES ('c4c166a2ab0f11e7999400ffe04ac734','510100-C-023','市林业和园林管理局','510100','',3,'510000;510100;510100-C-023','四川省->成都市->市林业和园林管理局','1');
INSERT INTO sys_region_dept (id,region_dept_code,region_dept_name,fcode,fname,region_dept_level,structure_code,structure_name,status) VALUES ('c4c5bebeab0f11e7999400ffe04ac734','510100-C-024','市商务委员会','510100','',3,'510000;510100;510100-C-024','四川省->成都市->市商务委员会','1');
INSERT INTO sys_region_dept (id,region_dept_code,region_dept_name,fcode,fname,region_dept_level,structure_code,structure_name,status) VALUES ('c4cd3326ab0f11e7999400ffe04ac734','510100-C-025','市投资促进委员会','510100','',3,'510000;510100;510100-C-025','四川省->成都市->市投资促进委员会','1');
INSERT INTO sys_region_dept (id,region_dept_code,region_dept_name,fcode,fname,region_dept_level,structure_code,structure_name,status) VALUES ('c4d1a1caab0f11e7999400ffe04ac734','510100-C-026','市文化广电新闻出版局','510100','',3,'510000;510100;510100-C-026','四川省->成都市->市文化广电新闻出版局','1');
INSERT INTO sys_region_dept (id,region_dept_code,region_dept_name,fcode,fname,region_dept_level,structure_code,structure_name,status) VALUES ('c4d5be2dab0f11e7999400ffe04ac734','510100-C-027','市卫生和计划生育委员会','510100','',3,'510000;510100;510100-C-027','四川省->成都市->市卫生和计划生育委员会','1');
INSERT INTO sys_region_dept (id,region_dept_code,region_dept_name,fcode,fname,region_dept_level,structure_code,structure_name,status) VALUES ('c4da1450ab0f11e7999400ffe04ac734','510100-C-028','市审计局','510100','',3,'510000;510100;510100-C-028','四川省->成都市->市审计局','1');
INSERT INTO sys_region_dept (id,region_dept_code,region_dept_name,fcode,fname,region_dept_level,structure_code,structure_name,status) VALUES ('c4de28e4ab0f11e7999400ffe04ac734','510100-C-029','市人民政府外事侨务办公室','510100','',3,'510000;510100;510100-C-029','四川省->成都市->市人民政府外事侨务办公室','1');
INSERT INTO sys_region_dept (id,region_dept_code,region_dept_name,fcode,fname,region_dept_level,structure_code,structure_name,status) VALUES ('c4e291daab0f11e7999400ffe04ac734','510100-C-030','市国有资产监督管理委员会','510100','',3,'510000;510100;510100-C-030','四川省->成都市->市国有资产监督管理委员会','1');
INSERT INTO sys_region_dept (id,region_dept_code,region_dept_name,fcode,fname,region_dept_level,structure_code,structure_name,status) VALUES ('c4e6942eab0f11e7999400ffe04ac734','510100-C-031','市工商行政管理局','510100','',3,'510000;510100;510100-C-031','四川省->成都市->市工商行政管理局','1');
INSERT INTO sys_region_dept (id,region_dept_code,region_dept_name,fcode,fname,region_dept_level,structure_code,structure_name,status) VALUES ('c4eaef87ab0f11e7999400ffe04ac734','510100-C-032','市质量技术监督局','510100','',3,'510000;510100;510100-C-032','四川省->成都市->市质量技术监督局','1');
INSERT INTO sys_region_dept (id,region_dept_code,region_dept_name,fcode,fname,region_dept_level,structure_code,structure_name,status) VALUES ('c4ef0d2bab0f11e7999400ffe04ac734','510100-C-033','市食品药品监督管理局','510100','',3,'510000;510100;510100-C-033','四川省->成都市->市食品药品监督管理局','1');
INSERT INTO sys_region_dept (id,region_dept_code,region_dept_name,fcode,fname,region_dept_level,structure_code,structure_name,status) VALUES ('c4f395d9ab0f11e7999400ffe04ac734','510100-C-034','市体育局','510100','',3,'510000;510100;510100-C-034','四川省->成都市->市体育局','1');
INSERT INTO sys_region_dept (id,region_dept_code,region_dept_name,fcode,fname,region_dept_level,structure_code,structure_name,status) VALUES ('c4f7b1c2ab0f11e7999400ffe04ac734','510100-C-035','市安全生产监督管理局','510100','',3,'510000;510100;510100-C-035','四川省->成都市->市安全生产监督管理局','1');
INSERT INTO sys_region_dept (id,region_dept_code,region_dept_name,fcode,fname,region_dept_level,structure_code,structure_name,status) VALUES ('c4fc0daeab0f11e7999400ffe04ac734','510100-C-036','市统计局','510100','',3,'510000;510100;510100-C-036','四川省->成都市->市统计局','1');
INSERT INTO sys_region_dept (id,region_dept_code,region_dept_name,fcode,fname,region_dept_level,structure_code,structure_name,status) VALUES ('c5001559ab0f11e7999400ffe04ac734','510100-C-037','市旅游局','510100','',3,'510000;510100;510100-C-037','四川省->成都市->市旅游局','1');
INSERT INTO sys_region_dept (id,region_dept_code,region_dept_name,fcode,fname,region_dept_level,structure_code,structure_name,status) VALUES ('c504769dab0f11e7999400ffe04ac734','510100-C-038','市人民政府法制办公室','510100','',3,'510000;510100;510100-C-038','四川省->成都市->市人民政府法制办公室','1');
INSERT INTO sys_region_dept (id,region_dept_code,region_dept_name,fcode,fname,region_dept_level,structure_code,structure_name,status) VALUES ('c5087ef9ab0f11e7999400ffe04ac734','510100-C-039','市金融工作办公室','510100','',3,'510000;510100;510100-C-039','四川省->成都市->市金融工作办公室','1');
INSERT INTO sys_region_dept (id,region_dept_code,region_dept_name,fcode,fname,region_dept_level,structure_code,structure_name,status) VALUES ('c50e963fab0f11e7999400ffe04ac734','510100-C-040','市机关事务管理局','510100','',3,'510000;510100;510100-C-040','四川省->成都市->市机关事务管理局','1');
INSERT INTO sys_region_dept (id,region_dept_code,region_dept_name,fcode,fname,region_dept_level,structure_code,structure_name,status) VALUES ('c512a5deab0f11e7999400ffe04ac734','510100-C-041','市人民防空办公室','510100','',3,'510000;510100;510100-C-041','四川省->成都市->市人民防空办公室','1');
INSERT INTO sys_region_dept (id,region_dept_code,region_dept_name,fcode,fname,region_dept_level,structure_code,structure_name,status) VALUES ('c5170232ab0f11e7999400ffe04ac734','510100-C-043','市人民政府政务服务中心','510100','',3,'510000;510100;510100-C-043','四川省->成都市->市人民政府政务服务中心','1');
INSERT INTO sys_region_dept (id,region_dept_code,region_dept_name,fcode,fname,region_dept_level,structure_code,structure_name,status) VALUES ('c51b3338ab0f11e7999400ffe04ac734','510100-D-001','市国家税务局','510100','',3,'510000;510100;510100-D-001','四川省->成都市->市国家税务局','1');
INSERT INTO sys_region_dept (id,region_dept_code,region_dept_name,fcode,fname,region_dept_level,structure_code,structure_name,status) VALUES ('c51f83b6ab0f11e7999400ffe04ac734','510100-D-002','市地方税务局','510100','',3,'510000;510100;510100-D-002','四川省->成都市->市地方税务局','1');
INSERT INTO sys_region_dept (id,region_dept_code,region_dept_name,fcode,fname,region_dept_level,structure_code,structure_name,status) VALUES ('c523a3a9ab0f11e7999400ffe04ac734','510100-F-001','市人民检察院','510100','',3,'510000;510100;510100-F-001','四川省->成都市->市人民检察院','1');
INSERT INTO sys_region_dept (id,region_dept_code,region_dept_name,fcode,fname,region_dept_level,structure_code,structure_name,status) VALUES ('c5280939ab0f11e7999400ffe04ac734','510100-G-001','市中级人民法院','510100','',3,'510000;510100;510100-G-001','四川省->成都市->市中级人民法院','1');
INSERT INTO sys_region_dept (id,region_dept_code,region_dept_name,fcode,fname,region_dept_level,structure_code,structure_name,status) VALUES ('c52c0a03ab0f11e7999400ffe04ac734','510100-H-008','市工商业联合会','510100','',3,'510000;510100;510100-H-008','四川省->成都市->市工商业联合会','1');
INSERT INTO sys_region_dept (id,region_dept_code,region_dept_name,fcode,fname,region_dept_level,structure_code,structure_name,status) VALUES ('c5307115ab0f11e7999400ffe04ac734','510100-I-004','市妇女联合会','510100','',3,'510000;510100;510100-I-004','四川省->成都市->市妇女联合会','1');
INSERT INTO sys_region_dept (id,region_dept_code,region_dept_name,fcode,fname,region_dept_level,structure_code,structure_name,status) VALUES ('c53481e4ab0f11e7999400ffe04ac734','510100-I-005','共青团成都市委','510100','',3,'510000;510100;510100-I-005','四川省->成都市->共青团成都市委','1');
INSERT INTO sys_region_dept (id,region_dept_code,region_dept_name,fcode,fname,region_dept_level,structure_code,structure_name,status) VALUES ('c538e4aeab0f11e7999400ffe04ac734','510100-I-006','成都市总工会','510100','',3,'510000;510100;510100-I-006','四川省->成都市->成都市总工会','1');
INSERT INTO sys_region_dept (id,region_dept_code,region_dept_name,fcode,fname,region_dept_level,structure_code,structure_name,status) VALUES ('c53cf942ab0f11e7999400ffe04ac734','510100-I-007','市残疾人联合会','510100','',3,'510000;510100;510100-I-007','四川省->成都市->市残疾人联合会','1');
INSERT INTO sys_region_dept (id,region_dept_code,region_dept_name,fcode,fname,region_dept_level,structure_code,structure_name,status) VALUES ('c5415bceab0f11e7999400ffe04ac734','510100-I-011','市文学艺术界联合会','510100','',3,'510000;510100;510100-I-011','四川省->成都市->市文学艺术界联合会','1');
INSERT INTO sys_region_dept (id,region_dept_code,region_dept_name,fcode,fname,region_dept_level,structure_code,structure_name,status) VALUES ('c54586bdab0f11e7999400ffe04ac734','510100-I-012','市博览局（中国国际贸易促进委员会成都市分会）','510100','',3,'510000;510100;510100-I-012','四川省->成都市->市博览局（中国国际贸易促进委员会成都市分会）','1');
INSERT INTO sys_region_dept (id,region_dept_code,region_dept_name,fcode,fname,region_dept_level,structure_code,structure_name,status) VALUES ('c549c99dab0f11e7999400ffe04ac734','510100-J-001','市公共资源交易服务中心','510100','',3,'510000;510100;510100-J-001','四川省->成都市->市公共资源交易服务中心','1');
INSERT INTO sys_region_dept (id,region_dept_code,region_dept_name,fcode,fname,region_dept_level,structure_code,structure_name,status) VALUES ('c54de6c5ab0f11e7999400ffe04ac734','510100-J-002','市气象局','510100','',3,'510000;510100;510100-J-002','四川省->成都市->市气象局','1');
INSERT INTO sys_region_dept (id,region_dept_code,region_dept_name,fcode,fname,region_dept_level,structure_code,structure_name,status) VALUES ('c553f9cbab0f11e7999400ffe04ac734','510100-J-004','中共成都市委党校','510100','',3,'510000;510100;510100-J-004','四川省->成都市->中共成都市委党校','1');
INSERT INTO sys_region_dept (id,region_dept_code,region_dept_name,fcode,fname,region_dept_level,structure_code,structure_name,status) VALUES ('c55822deab0f11e7999400ffe04ac734','510100-J-006','市防震减灾局','510100','',3,'510000;510100;510100-J-006','四川省->成都市->市防震减灾局','1');
INSERT INTO sys_region_dept (id,region_dept_code,region_dept_name,fcode,fname,region_dept_level,structure_code,structure_name,status) VALUES ('c55c70e7ab0f11e7999400ffe04ac734','510100-J-012','市地方志编纂委员会办公室','510100','',3,'510000;510100;510100-J-012','四川省->成都市->市地方志编纂委员会办公室','1');
INSERT INTO sys_region_dept (id,region_dept_code,region_dept_name,fcode,fname,region_dept_level,structure_code,structure_name,status) VALUES ('c5609884ab0f11e7999400ffe04ac734','510100-J-013','市档案局（馆）','510100','',3,'510000;510100;510100-J-013','四川省->成都市->市档案局（馆）','1');
INSERT INTO sys_region_dept (id,region_dept_code,region_dept_name,fcode,fname,region_dept_level,structure_code,structure_name,status) VALUES ('c564f08cab0f11e7999400ffe04ac734','510100-J-014','市住房公积金管理中心','510100','',3,'510000;510100;510100-J-014','四川省->成都市->市住房公积金管理中心','1');
INSERT INTO sys_region_dept (id,region_dept_code,region_dept_name,fcode,fname,region_dept_level,structure_code,structure_name,status) VALUES ('c568fbd6ab0f11e7999400ffe04ac734','510100-J-015','市老龄工作委员会办公室','510100','',3,'510000;510100;510100-J-015','四川省->成都市->市老龄工作委员会办公室','1');
INSERT INTO sys_region_dept (id,region_dept_code,region_dept_name,fcode,fname,region_dept_level,structure_code,structure_name,status) VALUES ('c56d5f1bab0f11e7999400ffe04ac734','510100-J-018','市邮政管理局','510100','',3,'510000;510100;510100-J-018','四川省->成都市->市邮政管理局','1');
INSERT INTO sys_region_dept (id,region_dept_code,region_dept_name,fcode,fname,region_dept_level,structure_code,structure_name,status) VALUES ('c5717376ab0f11e7999400ffe04ac734','510100-Z-001','成都市自来水有限责任公司','510100','',3,'510000;510100;510100-Z-001','四川省->成都市->成都市自来水有限责任公司','1');
INSERT INTO sys_region_dept (id,region_dept_code,region_dept_name,fcode,fname,region_dept_level,structure_code,structure_name,status) VALUES ('c575dbe5ab0f11e7999400ffe04ac734','510100-Z-002','国网成都供电公司','510100','',3,'510000;510100;510100-Z-002','四川省->成都市->国网成都供电公司','1');
INSERT INTO sys_region_dept (id,region_dept_code,region_dept_name,fcode,fname,region_dept_level,structure_code,structure_name,status) VALUES ('c579d9f9ab0f11e7999400ffe04ac734','510100-Z-003','成都市城市燃气有限责任公司','510100','',3,'510000;510100;510100-Z-003','四川省->成都市->成都市城市燃气有限责任公司','1');
INSERT INTO sys_region_dept (id,region_dept_code,region_dept_name,fcode,fname,region_dept_level,structure_code,structure_name,status) VALUES ('c57f0c57ab0f11e7999400ffe04ac734','510100-Z-004','中国电信成都分公司','510100','',3,'510000;510100;510100-Z-004','四川省->成都市->中国电信成都分公司','1');
INSERT INTO sys_region_dept (id,region_dept_code,region_dept_name,fcode,fname,region_dept_level,structure_code,structure_name,status) VALUES ('c5825400ab0f11e7999400ffe04ac734','510100-Z-005','中国移动成都分公司','510100','',3,'510000;510100;510100-Z-005','四川省->成都市->中国移动成都分公司','1');
INSERT INTO sys_region_dept (id,region_dept_code,region_dept_name,fcode,fname,region_dept_level,structure_code,structure_name,status) VALUES ('c586a9a0ab0f11e7999400ffe04ac734','510100-Z-006','中国联通成都分公司','510100','',3,'510000;510100;510100-Z-006','四川省->成都市->中国联通成都分公司','1');
INSERT INTO sys_region_dept (id,region_dept_code,region_dept_name,fcode,fname,region_dept_level,structure_code,structure_name,status) VALUES ('c58acfaaab0f11e7999400ffe04ac734','510100-Z-007','成都轨道交通集团有限公司','510100','',3,'510000;510100;510100-Z-007','四川省->成都市->成都轨道交通集团有限公司','1');
INSERT INTO sys_region_dept (id,region_dept_code,region_dept_name,fcode,fname,region_dept_level,structure_code,structure_name,status) VALUES ('c58f5974ab0f11e7999400ffe04ac734','510100-Z-008','成都市公共交通集团有限公司','510100','',3,'510000;510100;510100-Z-008','四川省->成都市->成都市公共交通集团有限公司','1');
INSERT INTO sys_region_dept (id,region_dept_code,region_dept_name,fcode,fname,region_dept_level,structure_code,structure_name,status) VALUES ('c595218aab0f11e7999400ffe04ac734','510100-Z-009','成都天府通金融服务股份有限公司','510100','',3,'510000;510100;510100-Z-009','四川省->成都市->成都天府通金融服务股份有限公司','1');
